<metadata xml:lang="en"><Esri><CreaDate>20140911</CreaDate><CreaTime>16200800</CreaTime><SyncOnce>FALSE</SyncOnce><DataProperties><lineage><Process Name="AddSpatialIndex_123" ToolSource="C:\Program Files\ArcGIS\ArcToolbox\Toolboxes\Data Management Tools.tbx\AddSpatialIndex" Date="20090508" Time="112835">AddSpatialIndex E:\MasterCopy\working\NHDPlus17\Hydrography\nhdflowline.shp 0 0 0 E:\MasterCopy\working\NHDPlus17\Hydrography\nhdflowline.shp</Process><Process ToolSource="C:\ArcGIS\Desktop10.0\ArcToolbox\Toolboxes\Analysis Tools.tbx\Select" Date="20130329" Time="183405">Select C:/Workspace/wk_NHDPlus/NHDPlus/NHDPlus17/hydrography/nhdflowline.shp C:\Workspace\wk_NHDPlus\NHDPlus\NHDPlus17\hydrography\nhdflowline_en.shp ""FLOWDIR" = 'With Digitized'  AND "FTYPE" &lt;&gt; 'Coastline'"</Process><Process ToolSource="C:\ArcGIS\Desktop10.0\ArcToolbox\Toolboxes\Data Management Tools.tbx\AddField" Date="20130329" Time="183433">AddField flowlines_enhancedFL HYDROSEQ DOUBLE # # # # NON_NULLABLE NON_REQUIRED #</Process><Process ToolSource="C:\ArcGIS\Desktop10.0\ArcToolbox\Toolboxes\Data Management Tools.tbx\AddField" Date="20130329" Time="183435">AddField flowlines_enhancedFL LEVELPATHI DOUBLE # # # # NON_NULLABLE NON_REQUIRED #</Process><Process ToolSource="C:\ArcGIS\Desktop10.0\ArcToolbox\Toolboxes\Data Management Tools.tbx\AddField" Date="20130329" Time="183438">AddField flowlines_enhancedFL DNLEVELPAT DOUBLE # # # # NON_NULLABLE NON_REQUIRED #</Process><Process ToolSource="C:\ArcGIS\Desktop10.0\ArcToolbox\Toolboxes\Data Management Tools.tbx\AddField" Date="20130329" Time="183440">AddField flowlines_enhancedFL DIVERGENCE LONG # # # # NON_NULLABLE NON_REQUIRED #</Process><Process ToolSource="C:\ArcGIS\Desktop10.0\ArcToolbox\Toolboxes\Data Management Tools.tbx\AddField" Date="20130329" Time="183442">AddField flowlines_enhancedFL STARTFLAG LONG # # # # NON_NULLABLE NON_REQUIRED #</Process><Process ToolSource="C:\ArcGIS\Desktop10.0\ArcToolbox\Toolboxes\Data Management Tools.tbx\AddField" Date="20130329" Time="183444">AddField flowlines_enhancedFL SO SHORT # # # # NON_NULLABLE NON_REQUIRED #</Process><Process ToolSource="C:\ArcGIS\Desktop10.0\ArcToolbox\Toolboxes\Data Management Tools.tbx\AddField" Date="20130329" Time="183447">AddField flowlines_enhancedFL SC SHORT # # # # NON_NULLABLE NON_REQUIRED #</Process><Process ToolSource="C:\ArcGIS\Desktop10.0\ArcToolbox\Toolboxes\Data Management Tools.tbx\AddField" Date="20130329" Time="183449">AddField flowlines_enhancedFL TRAV_TIME DOUBLE # # # # NON_NULLABLE NON_REQUIRED #</Process><Process ToolSource="C:\ArcGIS\Desktop10.0\ArcToolbox\Toolboxes\Data Management Tools.tbx\AddField" Date="20130329" Time="183452">AddField flowlines_enhancedFL MAXELEVSMO DOUBLE # # # # NON_NULLABLE NON_REQUIRED #</Process><Process ToolSource="C:\ArcGIS\Desktop10.0\ArcToolbox\Toolboxes\Data Management Tools.tbx\AddField" Date="20130329" Time="183454">AddField flowlines_enhancedFL FROMMEAS DOUBLE # # # # NON_NULLABLE NON_REQUIRED #</Process><Process ToolSource="C:\ArcGIS\Desktop10.0\ArcToolbox\Toolboxes\Data Management Tools.tbx\AddField" Date="20130329" Time="183457">AddField flowlines_enhancedFL TOMEAS DOUBLE # # # # NON_NULLABLE NON_REQUIRED #</Process><Process ToolSource="C:\ArcGIS\Desktop10.0\ArcToolbox\Toolboxes\Data Management Tools.tbx\AddField" Date="20130329" Time="183459">AddField flowlines_enhancedFL INC_DA DOUBLE # # # # NON_NULLABLE NON_REQUIRED #</Process><Process ToolSource="C:\ArcGIS\Desktop10.0\ArcToolbox\Toolboxes\Data Management Tools.tbx\AddField" Date="20130329" Time="183502">AddField flowlines_enhancedFL CUMDRAINAG DOUBLE # # # # NON_NULLABLE NON_REQUIRED #</Process><Process ToolSource="C:\ArcGIS\Desktop10.0\ArcToolbox\Toolboxes\Data Management Tools.tbx\AddField" Date="20130329" Time="183505">AddField flowlines_enhancedFL TOCOMID LONG # # # # NON_NULLABLE NON_REQUIRED #</Process><Process ToolSource="C:\ArcGIS\Desktop10.0\ArcToolbox\Toolboxes\Data Management Tools.tbx\AddField" Date="20130329" Time="183508">AddField flowlines_enhancedFL TOCOMID2 LONG # # # # NON_NULLABLE NON_REQUIRED #</Process><Process ToolSource="C:\ArcGIS\Desktop10.0\ArcToolbox\Toolboxes\Data Management Tools.tbx\AddField" Date="20130329" Time="183510">AddField flowlines_enhancedFL FROMCOMID LONG # # # # NON_NULLABLE NON_REQUIRED #</Process><Process ToolSource="C:\ArcGIS\Desktop10.0\ArcToolbox\Toolboxes\Data Management Tools.tbx\AddField" Date="20130329" Time="183513">AddField flowlines_enhancedFL nseg_flag LONG # # # # NON_NULLABLE NON_REQUIRED #</Process><Process ToolSource="C:\ArcGIS\Desktop10.0\ArcToolbox\Toolboxes\Data Management Tools.tbx\AddField" Date="20130329" Time="183516">AddField flowlines_enhancedFL Prod_Unit STRING # # # # NON_NULLABLE NON_REQUIRED #</Process><Process ToolSource="C:\ArcGIS\Desktop10.0\ArcToolbox\Toolboxes\Data Management Tools.tbx\RemoveJoin" Date="20130329" Time="183838">RemoveJoin flowlines_enhancedFL NHDFlowlineVAA</Process><Process ToolSource="C:\ArcGIS\Desktop10.0\ArcToolbox\Toolboxes\Data Management Tools.tbx\RemoveJoin" Date="20130329" Time="183956">RemoveJoin flowlines_enhancedFL sosc</Process><Process ToolSource="C:\ArcGIS\Desktop10.0\ArcToolbox\Toolboxes\Data Management Tools.tbx\RemoveJoin" Date="20130329" Time="184158">RemoveJoin flowlines_enhancedFL flowlineattributesflow</Process><Process ToolSource="C:\ArcGIS\Desktop10.0\ArcToolbox\Toolboxes\Data Management Tools.tbx\RemoveJoin" Date="20130329" Time="184325">RemoveJoin flowlines_enhancedFL tblflowlineVAAX</Process><Process ToolSource="C:\ArcGIS\Desktop10.0\ArcToolbox\Toolboxes\Data Management Tools.tbx\RemoveJoin" Date="20130329" Time="184509">RemoveJoin flowlines_enhancedFL catchment</Process><Process ToolSource="C:\ArcGIS\Desktop10.0\ArcToolbox\Toolboxes\Data Management Tools.tbx\RemoveJoin" Date="20130329" Time="184551">RemoveJoin flowlines_enhancedFL NHDFlow</Process><Process ToolSource="C:\ArcGIS\Desktop10.0\ArcToolbox\Toolboxes\Data Management Tools.tbx\CalculateField" Date="20130329" Time="184659">CalculateField flowlines_enhancedFL TOCOMID2 [TOCOMID] VB #</Process><Process ToolSource="C:\ArcGIS\Desktop10.0\ArcToolbox\Toolboxes\Data Management Tools.tbx\RemoveJoin" Date="20130329" Time="184741">RemoveJoin flowlines_enhancedFL NHDFlow</Process><Process ToolSource="C:\ArcGIS\Desktop10.0\ArcToolbox\Toolboxes\Conversion Tools.tbx\FeatureClassToFeatureClass" Date="20130329" Time="185007">FeatureClassToFeatureClass C:/Workspace/wk_NHDPlus/NHDPlus/NHDPlus17\hydrography\nhdflowline_en.shp NHDPlus17.gdb/NHDPlus nhdflowline_en # "COMID "COMID" true true false 9 Long 0 9 ,First,#,C:/Workspace/wk_NHDPlus/NHDPlus/NHDPlus17\hydrography\nhdflowline_en.shp,COMID,-1,-1;FDATE "FDATE" true true false 8 Date 0 0 ,First,#,C:/Workspace/wk_NHDPlus/NHDPlus/NHDPlus17\hydrography\nhdflowline_en.shp,FDATE,-1,-1;RESOLUTION "RESOLUTION" true true false 7 Text 0 0 ,First,#,C:/Workspace/wk_NHDPlus/NHDPlus/NHDPlus17\hydrography\nhdflowline_en.shp,RESOLUTION,-1,-1;GNIS_ID "GNIS_ID" true true false 10 Text 0 0 ,First,#,C:/Workspace/wk_NHDPlus/NHDPlus/NHDPlus17\hydrography\nhdflowline_en.shp,GNIS_ID,-1,-1;GNIS_NAME "GNIS_NAME" true true false 65 Text 0 0 ,First,#,C:/Workspace/wk_NHDPlus/NHDPlus/NHDPlus17\hydrography\nhdflowline_en.shp,GNIS_NAME,-1,-1;LENGTHKM "LENGTHKM" true true false 19 Double 11 18 ,First,#,C:/Workspace/wk_NHDPlus/NHDPlus/NHDPlus17\hydrography\nhdflowline_en.shp,LENGTHKM,-1,-1;REACHCODE "REACHCODE" true true false 14 Text 0 0 ,First,#,C:/Workspace/wk_NHDPlus/NHDPlus/NHDPlus17\hydrography\nhdflowline_en.shp,REACHCODE,-1,-1;FLOWDIR "FLOWDIR" true true false 15 Text 0 0 ,First,#,C:/Workspace/wk_NHDPlus/NHDPlus/NHDPlus17\hydrography\nhdflowline_en.shp,FLOWDIR,-1,-1;WBAREACOMI "WBAREACOMI" true true false 9 Long 0 9 ,First,#,C:/Workspace/wk_NHDPlus/NHDPlus/NHDPlus17\hydrography\nhdflowline_en.shp,WBAREACOMI,-1,-1;FTYPE "FTYPE" true true false 24 Text 0 0 ,First,#,C:/Workspace/wk_NHDPlus/NHDPlus/NHDPlus17\hydrography\nhdflowline_en.shp,FTYPE,-1,-1;FCODE "FCODE" true true false 9 Long 0 9 ,First,#,C:/Workspace/wk_NHDPlus/NHDPlus/NHDPlus17\hydrography\nhdflowline_en.shp,FCODE,-1,-1;SHAPE_LENG "SHAPE_LENG" true true false 19 Double 11 18 ,First,#,C:/Workspace/wk_NHDPlus/NHDPlus/NHDPlus17\hydrography\nhdflowline_en.shp,SHAPE_LENG,-1,-1;ENABLED "ENABLED" true true false 6 Text 0 0 ,First,#,C:/Workspace/wk_NHDPlus/NHDPlus/NHDPlus17\hydrography\nhdflowline_en.shp,ENABLED,-1,-1;HYDROSEQ "HYDROSEQ" true true false 19 Double 0 0 ,First,#,C:/Workspace/wk_NHDPlus/NHDPlus/NHDPlus17\hydrography\nhdflowline_en.shp,HYDROSEQ,-1,-1;LEVELPATHI "LEVELPATHI" true true false 19 Double 0 0 ,First,#,C:/Workspace/wk_NHDPlus/NHDPlus/NHDPlus17\hydrography\nhdflowline_en.shp,LEVELPATHI,-1,-1;DNLEVELPAT "DNLEVELPAT" true true false 19 Double 0 0 ,First,#,C:/Workspace/wk_NHDPlus/NHDPlus/NHDPlus17\hydrography\nhdflowline_en.shp,DNLEVELPAT,-1,-1;DIVERGENCE "DIVERGENCE" true true false 9 Long 0 9 ,First,#,C:/Workspace/wk_NHDPlus/NHDPlus/NHDPlus17\hydrography\nhdflowline_en.shp,DIVERGENCE,-1,-1;STARTFLAG "STARTFLAG" true true false 9 Long 0 9 ,First,#,C:/Workspace/wk_NHDPlus/NHDPlus/NHDPlus17\hydrography\nhdflowline_en.shp,STARTFLAG,-1,-1;SO "SO" true true false 4 Short 0 4 ,First,#,C:/Workspace/wk_NHDPlus/NHDPlus/NHDPlus17\hydrography\nhdflowline_en.shp,SO,-1,-1;SC "SC" true true false 4 Short 0 4 ,First,#,C:/Workspace/wk_NHDPlus/NHDPlus/NHDPlus17\hydrography\nhdflowline_en.shp,SC,-1,-1;TRAV_TIME "TRAV_TIME" true true false 19 Double 0 0 ,First,#,C:/Workspace/wk_NHDPlus/NHDPlus/NHDPlus17\hydrography\nhdflowline_en.shp,TRAV_TIME,-1,-1;MAXELEVSMO "MAXELEVSMO" true true false 19 Double 0 0 ,First,#,C:/Workspace/wk_NHDPlus/NHDPlus/NHDPlus17\hydrography\nhdflowline_en.shp,MAXELEVSMO,-1,-1;FROMMEAS "FROMMEAS" true true false 19 Double 0 0 ,First,#,C:/Workspace/wk_NHDPlus/NHDPlus/NHDPlus17\hydrography\nhdflowline_en.shp,FROMMEAS,-1,-1;TOMEAS "TOMEAS" true true false 19 Double 0 0 ,First,#,C:/Workspace/wk_NHDPlus/NHDPlus/NHDPlus17\hydrography\nhdflowline_en.shp,TOMEAS,-1,-1;INC_DA "INC_DA" true true false 19 Double 0 0 ,First,#,C:/Workspace/wk_NHDPlus/NHDPlus/NHDPlus17\hydrography\nhdflowline_en.shp,INC_DA,-1,-1;CUMDRAINAG "CUMDRAINAG" true true false 19 Double 0 0 ,First,#,C:/Workspace/wk_NHDPlus/NHDPlus/NHDPlus17\hydrography\nhdflowline_en.shp,CUMDRAINAG,-1,-1;TOCOMID "TOCOMID" true true false 9 Long 0 9 ,First,#,C:/Workspace/wk_NHDPlus/NHDPlus/NHDPlus17\hydrography\nhdflowline_en.shp,TOCOMID,-1,-1;TOCOMID2 "TOCOMID2" true true false 9 Long 0 9 ,First,#,C:/Workspace/wk_NHDPlus/NHDPlus/NHDPlus17\hydrography\nhdflowline_en.shp,TOCOMID2,-1,-1;FROMCOMID "FROMCOMID" true true false 9 Long 0 9 ,First,#,C:/Workspace/wk_NHDPlus/NHDPlus/NHDPlus17\hydrography\nhdflowline_en.shp,FROMCOMID,-1,-1;nseg_flag "nseg_flag" true true false 9 Long 0 9 ,First,#,C:/Workspace/wk_NHDPlus/NHDPlus/NHDPlus17\hydrography\nhdflowline_en.shp,nseg_flag,-1,-1;Prod_Unit "Prod_Unit" true true false 254 Text 0 0 ,First,#,C:/Workspace/wk_NHDPlus/NHDPlus/NHDPlus17\hydrography\nhdflowline_en.shp,Prod_Unit,-1,-1" #</Process><Process ToolSource="C:\ArcGIS\Desktop10.0\ArcToolbox\Toolboxes\Data Management Tools.tbx\AddIndex" Date="20130329" Time="190942">AddIndex C:/Workspace/wk_NHDPlus/NHDPlus17_PRMS.gdb/NHDPlus/nhdflowline_en COMID COMIDidx NON_UNIQUE NON_ASCENDING</Process><Process ToolSource="C:\ArcGIS\Desktop10.0\ArcToolbox\Toolboxes\Data Management Tools.tbx\AddField" Date="20130330" Time="153847">AddField C:/Workspace/wk_NHDPlus/NHDPlus17_PRMS.gdb/NHDPlus/nhdflowline_en Type_GagesII TEXT # # # # NULLABLE NON_REQUIRED #</Process><Process ToolSource="C:\ArcGIS\Desktop10.0\ArcToolbox\Toolboxes\Data Management Tools.tbx\CalculateField" Date="20130330" Time="153923">CalculateField C:/Workspace/wk_NHDPlus/NHDPlus17_PRMS.gdb/NHDPlus/nhdflowline_en Type_GagesII 0 VB #</Process><Process ToolSource="C:\ArcGIS\Desktop10.0\ArcToolbox\Toolboxes\Data Management Tools.tbx\AddField" Date="20130330" Time="153923">AddField C:/Workspace/wk_NHDPlus/NHDPlus17_PRMS.gdb/NHDPlus/nhdflowline_en Type_Ref TEXT # # # # NULLABLE NON_REQUIRED #</Process><Process ToolSource="C:\ArcGIS\Desktop10.0\ArcToolbox\Toolboxes\Data Management Tools.tbx\CalculateField" Date="20130330" Time="153958">CalculateField C:/Workspace/wk_NHDPlus/NHDPlus17_PRMS.gdb/NHDPlus/nhdflowline_en Type_Ref 0 VB #</Process><Process ToolSource="C:\ArcGIS\Desktop10.0\ArcToolbox\Toolboxes\Data Management Tools.tbx\AddField" Date="20130330" Time="153958">AddField C:/Workspace/wk_NHDPlus/NHDPlus17_PRMS.gdb/NHDPlus/nhdflowline_en Type_RFC TEXT # # # # NULLABLE NON_REQUIRED #</Process><Process ToolSource="C:\ArcGIS\Desktop10.0\ArcToolbox\Toolboxes\Data Management Tools.tbx\CalculateField" Date="20130330" Time="154033">CalculateField C:/Workspace/wk_NHDPlus/NHDPlus17_PRMS.gdb/NHDPlus/nhdflowline_en Type_RFC 0 VB #</Process><Process ToolSource="C:\ArcGIS\Desktop10.0\ArcToolbox\Toolboxes\Data Management Tools.tbx\AddField" Date="20130330" Time="154033">AddField C:/Workspace/wk_NHDPlus/NHDPlus17_PRMS.gdb/NHDPlus/nhdflowline_en Type_SPRW TEXT # # # # NULLABLE NON_REQUIRED #</Process><Process ToolSource="C:\ArcGIS\Desktop10.0\ArcToolbox\Toolboxes\Data Management Tools.tbx\CalculateField" Date="20130330" Time="154111">CalculateField C:/Workspace/wk_NHDPlus/NHDPlus17_PRMS.gdb/NHDPlus/nhdflowline_en Type_SPRW 0 VB #</Process><Process ToolSource="C:\ArcGIS\Desktop10.0\ArcToolbox\Toolboxes\Data Management Tools.tbx\RemoveJoin" Date="20130330" Time="154131">RemoveJoin flowlinesFL StreamGageEvent</Process><Process ToolSource="C:\ArcGIS\Desktop10.0\ArcToolbox\Toolboxes\Data Management Tools.tbx\RemoveJoin" Date="20130330" Time="154203">RemoveJoin flowlinesFL SPARROW_Nodes</Process><Process ToolSource="C:\ArcGIS\Desktop10.0\ArcToolbox\Toolboxes\Data Management Tools.tbx\AddField" Date="20130330" Time="154203">AddField flowlinesFL Type_User TEXT # # # # NULLABLE NON_REQUIRED #</Process><Process ToolSource="C:\ArcGIS\Desktop10.0\ArcToolbox\Toolboxes\Data Management Tools.tbx\RemoveJoin" Date="20130330" Time="160504">RemoveJoin flowlinesFL NHDFlowlineVAA</Process><Process ToolSource="C:\ArcGIS\Desktop10.0\ArcToolbox\Toolboxes\Data Management Tools.tbx\CopyFeatures" Date="20130330" Time="164719">CopyFeatures C:/Workspace/wk_NHDPlus/NHDPlus17_PRMS.gdb/NHDPlus/nhdflowline_en C:\Workspace\wk_NHDPlus\NHDPlus17_wk.gdb\Output\nhdflowline_en # 0 0 0</Process><Process ToolSource="C:\ArcGIS\Desktop10.0\ArcToolbox\Toolboxes\Data Management Tools.tbx\AddIndex" Date="20130330" Time="164802">AddIndex C:/Workspace/wk_NHDPlus/NHDPlus17_wk.gdb/Output/nhdflowline_en COMID COMIDidx NON_UNIQUE NON_ASCENDING</Process><Process ToolSource="C:\ArcGIS\Desktop10.0\ArcToolbox\Toolboxes\Data Management Tools.tbx\AddField" Date="20130330" Time="165404">AddField C:/Workspace/wk_NHDPlus/NHDPlus17_wk.gdb/Output\nhdflowline_en Type_Con Integer # # # # NULLABLE NON_REQUIRED #</Process><Process ToolSource="C:\ArcGIS\Desktop10.0\ArcToolbox\Toolboxes\Data Management Tools.tbx\CalculateField" Date="20130330" Time="165434">CalculateField C:/Workspace/wk_NHDPlus/NHDPlus17_wk.gdb/Output\nhdflowline_en nseg_flag 0 VB #</Process><Process ToolSource="C:\ArcGIS\Desktop10.0\ArcToolbox\Toolboxes\Data Management Tools.tbx\CalculateField" Date="20130330" Time="165513">CalculateField C:/Workspace/wk_NHDPlus/NHDPlus17_wk.gdb/Output\nhdflowline_en Type_Con 0 VB #</Process><Process ToolSource="C:\ArcGIS\Desktop10.0\ArcToolbox\Toolboxes\Data Management Tools.tbx\AddField" Date="20130330" Time="172327">AddField C:/Workspace/wk_NHDPlus/NHDPlus17_wk.gdb/Output\nhdflowline_en POI_ID DOUBLE # # # # NULLABLE NON_REQUIRED #</Process><Process ToolSource="C:\ArcGIS\Desktop10.0\ArcToolbox\Toolboxes\Data Management Tools.tbx\AddField" Date="20130330" Time="172338">AddField C:/Workspace/wk_NHDPlus/NHDPlus17_wk.gdb/Output\nhdflowline_en newPOI Integer # # # # NULLABLE NON_REQUIRED #</Process><Process ToolSource="C:\ArcGIS\Desktop10.0\ArcToolbox\Toolboxes\Data Management Tools.tbx\CalculateField" Date="20130330" Time="172415">CalculateField C:/Workspace/wk_NHDPlus/NHDPlus17_wk.gdb/Output\nhdflowline_en newPOI 0 VB #</Process><Process ToolSource="C:\ArcGIS\Desktop10.0\ArcToolbox\Toolboxes\Analysis Tools.tbx\Select" Date="20130330" Time="173609">Select C:/Workspace/wk_NHDPlus/NHDPlus17_wk.gdb/Output\nhdflowline_en C:/Workspace/wk_NHDPlus/NHDPlus17_wk.gdb/Output\nsegment_flowlines ""nseg_flag" = 1 AND "FTYPE" &lt;&gt; 'Coastline'"</Process><Process ToolSource="C:\ArcGIS\Desktop10.0\ArcToolbox\Toolboxes\Data Management Tools.tbx\AddIndex" Date="20130330" Time="173611">AddIndex C:/Workspace/wk_NHDPlus/NHDPlus17_wk.gdb/Output\nsegment_flowlines POI_ID POI_IDidx NON_UNIQUE NON_ASCENDING</Process><Process ToolSource="C:\ArcGIS\Desktop10.0\ArcToolbox\Toolboxes\Data Management Tools.tbx\AddField" Date="20130330" Time="173617">AddField flowlinesFL Type_Coastal SHORT # # # # NULLABLE NON_REQUIRED #</Process><Process ToolSource="C:\ArcGIS\Desktop10.0\ArcToolbox\Toolboxes\Data Management Tools.tbx\CalculateField" Date="20130330" Time="173618">CalculateField flowlinesFL Type_Coastal 0 VB #</Process><Process ToolSource="C:\ArcGIS\Desktop10.0\ArcToolbox\Toolboxes\Data Management Tools.tbx\RemoveJoin" Date="20130330" Time="173643">RemoveJoin flowlinesFL nsegment_coastal_flowlines2</Process><Process ToolSource="C:\ArcGIS\Desktop10.0\ArcToolbox\Toolboxes\Data Management Tools.tbx\Dissolve" Date="20130330" Time="173717">Dissolve flowlinesFL C:/Workspace/wk_NHDPlus/NHDPlus17_wk.gdb/Output\nsegment POI_ID "LENGTHKM SUM;HYDROSEQ MIN;STARTFLAG MAX;SO MAX;TRAV_TIME SUM;CUMDRAINAG MAX" SINGLE_PART DISSOLVE_LINES</Process><Process ToolSource="C:\ArcGIS\Desktop10.0\ArcToolbox\Toolboxes\Data Management Tools.tbx\CalculateField" Date="20130330" Time="173717">CalculateField nsegmentFL POI_ID [OBJECTID] VB #</Process><Process ToolSource="C:\ArcGIS\Desktop10.0\ArcToolbox\Toolboxes\Data Management Tools.tbx\AddField" Date="20130330" Time="173718">AddField C:/Workspace/wk_NHDPlus/NHDPlus17_wk.gdb/Output\nsegment seg_id SHORT # # # # NULLABLE NON_REQUIRED #</Process><Process ToolSource="C:\ArcGIS\Desktop10.0\ArcToolbox\Toolboxes\Data Management Tools.tbx\AddField" Date="20130330" Time="173721">AddField nsegmentFL TOCOMID2 LONG # # # # NULLABLE NON_REQUIRED #</Process><Process ToolSource="C:\ArcGIS\Desktop10.0\ArcToolbox\Toolboxes\Data Management Tools.tbx\AddField" Date="20130330" Time="173722">AddField nsegmentFL To_POI_ID LONG # # # # NULLABLE NON_REQUIRED #</Process><Process ToolSource="C:\ArcGIS\Desktop10.0\ArcToolbox\Toolboxes\Data Management Tools.tbx\RemoveJoin" Date="20130330" Time="173724">RemoveJoin nsegmentFL POIs</Process><Process ToolSource="C:\ArcGIS\Desktop10.0\ArcToolbox\Toolboxes\Data Management Tools.tbx\AddField" Date="20130330" Time="173740">AddField C:/Workspace/wk_NHDPlus/NHDPlus17_wk.gdb/Output\nsegment tosegment LONG # # # # NULLABLE NON_REQUIRED #</Process><Process ToolSource="C:\ArcGIS\Desktop10.0\ArcToolbox\Toolboxes\Data Management Tools.tbx\AddField" Date="20130330" Time="193138">AddField nsegmentFL PROD_UNIT TEXT # # # # NULLABLE NON_REQUIRED #</Process><Process ToolSource="C:\ArcGIS\Desktop10.0\ArcToolbox\Toolboxes\Data Management Tools.tbx\RemoveJoin" Date="20130330" Time="193145">RemoveJoin nsegmentFL nsegment_flowlines</Process><Process ToolSource="C:\ArcGIS\Desktop10.0\ArcToolbox\Toolboxes\Conversion Tools.tbx\FeatureClassToFeatureClass" Date="20130529" Time="122343">FeatureClassToFeatureClass C:/Workspace/wk_NHDPlus/NHDPlus17_wk.gdb/Output/nsegment C:/Workspace/wk_NHDPlus/NHDPlus17_Final.gdb/PRMS nsegment # "POI_ID "POI_ID" true true false 8 Double 0 0 ,First,#,C:/Workspace/wk_NHDPlus/NHDPlus17_wk.gdb/Output/nsegment,POI_ID,-1,-1;SUM_LENGTHKM "SUM_LENGTHKM" true true false 8 Double 0 0 ,First,#,C:/Workspace/wk_NHDPlus/NHDPlus17_wk.gdb/Output/nsegment,SUM_LENGTHKM,-1,-1;MIN_HYDROSEQ "MIN_HYDROSEQ" true true false 8 Double 0 0 ,First,#,C:/Workspace/wk_NHDPlus/NHDPlus17_wk.gdb/Output/nsegment,MIN_HYDROSEQ,-1,-1;MAX_STARTFLAG "MAX_STARTFLAG" true true false 8 Double 0 0 ,First,#,C:/Workspace/wk_NHDPlus/NHDPlus17_wk.gdb/Output/nsegment,MAX_STARTFLAG,-1,-1;MAX_SO "MAX_SO" true true false 8 Double 0 0 ,First,#,C:/Workspace/wk_NHDPlus/NHDPlus17_wk.gdb/Output/nsegment,MAX_SO,-1,-1;SUM_TRAV_TIME "SUM_TRAV_TIME" true true false 8 Double 0 0 ,First,#,C:/Workspace/wk_NHDPlus/NHDPlus17_wk.gdb/Output/nsegment,SUM_TRAV_TIME,-1,-1;MAX_CUMDRAINAG "MAX_CUMDRAINAG" true true false 8 Double 0 0 ,First,#,C:/Workspace/wk_NHDPlus/NHDPlus17_wk.gdb/Output/nsegment,MAX_CUMDRAINAG,-1,-1;Shape_Length "Shape_Length" false true true 8 Double 0 0 ,First,#,C:/Workspace/wk_NHDPlus/NHDPlus17_wk.gdb/Output/nsegment,Shape_Length,-1,-1;seg_id "seg_id" true true false 2 Short 0 0 ,First,#,C:/Workspace/wk_NHDPlus/NHDPlus17_wk.gdb/Output/nsegment,seg_id,-1,-1;TOCOMID2 "TOCOMID2" true true false 4 Long 0 0 ,First,#,C:/Workspace/wk_NHDPlus/NHDPlus17_wk.gdb/Output/nsegment,TOCOMID2,-1,-1;To_POI_ID "To_POI_ID" true true false 4 Long 0 0 ,First,#,C:/Workspace/wk_NHDPlus/NHDPlus17_wk.gdb/Output/nsegment,To_POI_ID,-1,-1;tosegment "tosegment" true true false 4 Long 0 0 ,First,#,C:/Workspace/wk_NHDPlus/NHDPlus17_wk.gdb/Output/nsegment,tosegment,-1,-1;PROD_UNIT "PROD_UNIT" true true false 255 Text 0 0 ,First,#,C:/Workspace/wk_NHDPlus/NHDPlus17_wk.gdb/Output/nsegment,PROD_UNIT,-1,-1" #</Process><Process ToolSource="C:\ArcGIS\Desktop10.0\ArcToolbox\Toolboxes\Data Management Tools.tbx\DeleteField" Date="20130626" Time="135636">DeleteField C:\Workspace\wk_NHDPlus/NHDPlus17_Final.gdb/PRMS\nsegment tosegment</Process><Process ToolSource="C:\ArcGIS\Desktop10.0\ArcToolbox\Toolboxes\Data Management Tools.tbx\DeleteField" Date="20130627" Time="115402">DeleteField C:\Workspace\wk_NHDPlus/NHDPlus17_Final.gdb/PRMS/nsegment seg_id</Process><Process ToolSource="C:\ArcGIS\Desktop10.0\ArcToolbox\Toolboxes\Data Management Tools.tbx\AddField" Date="20130627" Time="115407">AddField nsegmentFL seg_id SHORT # # # # NULLABLE NON_REQUIRED #</Process><Process ToolSource="C:\ArcGIS\Desktop10.0\ArcToolbox\Toolboxes\Data Management Tools.tbx\Sort" Date="20130627" Time="115413">Sort nsegmentTV C:\Workspace\wk_NHDPlus\NHDPlus17_Final.gdb\PRMS\nsegment_sort "seg_id ASCENDING" UR</Process><Process ToolSource="C:\ArcGIS\Desktop10.0\ArcToolbox\Toolboxes\Data Management Tools.tbx\AddField" Date="20130627" Time="115417">AddField nsegmentFL tosegment LONG # # # # NULLABLE NON_REQUIRED #</Process><Process ToolSource="C:\ArcGIS\Desktop10.0\ArcToolbox\Toolboxes\Data Management Tools.tbx\CalculateField" Date="20130627" Time="115418">CalculateField nsegmentFL tosegment 0 VB #</Process><Process ToolSource="C:\ArcGIS\Desktop10.0\ArcToolbox\Toolboxes\Data Management Tools.tbx\CalculateField" Date="20130627" Time="115805">CalculateField nsegmentFL tosegment 0 VB #</Process><Process ToolSource="C:\ArcGIS\Desktop10.0\ArcToolbox\Toolboxes\Data Management Tools.tbx\RemoveJoin" Date="20130627" Time="115817">RemoveJoin nsegmentFL junk</Process><Process ToolSource="C:\ArcGIS\Desktop10.0\ArcToolbox\Toolboxes\Data Management Tools.tbx\AddField" Date="20130627" Time="115903">AddField nsegmentFL K_coef DOUBLE # # # # NULLABLE NON_REQUIRED #</Process><Process ToolSource="C:\ArcGIS\Desktop10.0\ArcToolbox\Toolboxes\Data Management Tools.tbx\CalculateField" Date="20130627" Time="115905">CalculateField nsegmentFL K_coef -99999 VB #</Process><Process ToolSource="C:\ArcGIS\Desktop10.0\ArcToolbox\Toolboxes\Data Management Tools.tbx\RemoveJoin" Date="20130627" Time="115918">RemoveJoin nsegmentFL K_coef</Process><Process ToolSource="C:\ArcGIS\Desktop10.0\ArcToolbox\Toolboxes\Data Management Tools.tbx\DeleteField" Date="20130627" Time="155923">DeleteField C:\Workspace\wk_NHDPlus/NHDPlus17_Final.gdb/PRMS\nsegment tosegment</Process><Process ToolSource="C:\ArcGIS\Desktop10.0\ArcToolbox\Toolboxes\Data Management Tools.tbx\DeleteField" Date="20130627" Time="155926">DeleteField C:\Workspace\wk_NHDPlus/NHDPlus17_Final.gdb/PRMS\nsegment K_coef</Process><Process ToolSource="C:\ArcGIS\Desktop10.0\ArcToolbox\Toolboxes\Data Management Tools.tbx\DeleteField" Date="20130628" Time="184625">DeleteField C:\Workspace\wk_NHDPlus/NHDPlus17_Final.gdb/PRMS/nsegment seg_id</Process><Process ToolSource="C:\ArcGIS\Desktop10.0\ArcToolbox\Toolboxes\Data Management Tools.tbx\AddField" Date="20130628" Time="184631">AddField nsegmentFL seg_id SHORT # # # # NULLABLE NON_REQUIRED #</Process><Process ToolSource="C:\ArcGIS\Desktop10.0\ArcToolbox\Toolboxes\Data Management Tools.tbx\Sort" Date="20130628" Time="184637">Sort nsegmentTV C:\Workspace\wk_NHDPlus\NHDPlus17_Final.gdb\PRMS\nsegment_sort "seg_id ASCENDING" UR</Process><Process ToolSource="C:\ArcGIS\Desktop10.0\ArcToolbox\Toolboxes\Data Management Tools.tbx\AddField" Date="20130628" Time="184641">AddField nsegmentFL tosegment LONG # # # # NULLABLE NON_REQUIRED #</Process><Process ToolSource="C:\ArcGIS\Desktop10.0\ArcToolbox\Toolboxes\Data Management Tools.tbx\CalculateField" Date="20130628" Time="184642">CalculateField nsegmentFL tosegment 0 VB #</Process><Process ToolSource="C:\ArcGIS\Desktop10.0\ArcToolbox\Toolboxes\Data Management Tools.tbx\CalculateField" Date="20130628" Time="185053">CalculateField nsegmentFL tosegment 0 VB #</Process><Process ToolSource="C:\ArcGIS\Desktop10.0\ArcToolbox\Toolboxes\Data Management Tools.tbx\RemoveJoin" Date="20130628" Time="185106">RemoveJoin nsegmentFL junk</Process><Process ToolSource="C:\ArcGIS\Desktop10.0\ArcToolbox\Toolboxes\Data Management Tools.tbx\AddField" Date="20130628" Time="185149">AddField nsegmentFL K_coef DOUBLE # # # # NULLABLE NON_REQUIRED #</Process><Process ToolSource="C:\ArcGIS\Desktop10.0\ArcToolbox\Toolboxes\Data Management Tools.tbx\CalculateField" Date="20130628" Time="185151">CalculateField nsegmentFL K_coef -99999 VB #</Process><Process ToolSource="C:\ArcGIS\Desktop10.0\ArcToolbox\Toolboxes\Data Management Tools.tbx\RemoveJoin" Date="20130628" Time="185204">RemoveJoin nsegmentFL K_coef</Process><Process ToolSource="C:\ArcGIS\Desktop10.0\ArcToolbox\Toolboxes\Data Management Tools.tbx\DeleteField" Date="20130723" Time="165649">DeleteField C:\Workspace\wk_NHDPlus/NHDPlus17_Final.gdb/PRMS/nsegment tosegment</Process><Process ToolSource="C:\ArcGIS\Desktop10.0\ArcToolbox\Toolboxes\Data Management Tools.tbx\DeleteField" Date="20130723" Time="165651">DeleteField C:\Workspace\wk_NHDPlus/NHDPlus17_Final.gdb/PRMS/nsegment K_coef</Process><Process ToolSource="C:\ArcGIS\Desktop10.0\ArcToolbox\Toolboxes\Data Management Tools.tbx\DeleteField" Date="20130723" Time="165710">DeleteField C:\Workspace\wk_NHDPlus/NHDPlus17_Final.gdb/PRMS/nsegment seg_id</Process><Process ToolSource="C:\ArcGIS\Desktop10.0\ArcToolbox\Toolboxes\Data Management Tools.tbx\AddField" Date="20130723" Time="165717">AddField nsegmentFL seg_id SHORT # # # # NULLABLE NON_REQUIRED #</Process><Process ToolSource="C:\ArcGIS\Desktop10.0\ArcToolbox\Toolboxes\Data Management Tools.tbx\Sort" Date="20130723" Time="165723">Sort nsegmentTV C:\Workspace\wk_NHDPlus\NHDPlus17_Final.gdb\PRMS\nsegment_sort "seg_id ASCENDING" UR</Process><Process ToolSource="C:\ArcGIS\Desktop10.0\ArcToolbox\Toolboxes\Data Management Tools.tbx\AddField" Date="20130723" Time="165727">AddField nsegmentFL tosegment LONG # # # # NULLABLE NON_REQUIRED #</Process><Process ToolSource="C:\ArcGIS\Desktop10.0\ArcToolbox\Toolboxes\Data Management Tools.tbx\CalculateField" Date="20130723" Time="165728">CalculateField nsegmentFL tosegment 0 VB #</Process><Process ToolSource="C:\ArcGIS\Desktop10.0\ArcToolbox\Toolboxes\Data Management Tools.tbx\AddField" Date="20130723" Time="165728">AddField nsegmentFL tosegment_orig LONG # # # # NULLABLE NON_REQUIRED #</Process><Process ToolSource="C:\ArcGIS\Desktop10.0\ArcToolbox\Toolboxes\Data Management Tools.tbx\CalculateField" Date="20130723" Time="165730">CalculateField nsegmentFL tosegment_orig 0 VB #</Process><Process ToolSource="C:\ArcGIS\Desktop10.0\ArcToolbox\Toolboxes\Data Management Tools.tbx\AddField" Date="20130723" Time="165730">AddField nsegmentFL tosegment_comment TEXT # # # # NULLABLE NON_REQUIRED #</Process><Process ToolSource="C:\ArcGIS\Desktop10.0\ArcToolbox\Toolboxes\Data Management Tools.tbx\RemoveJoin" Date="20130723" Time="170213">RemoveJoin nsegmentFL junk</Process><Process ToolSource="C:\ArcGIS\Desktop10.0\ArcToolbox\Toolboxes\Data Management Tools.tbx\CalculateField" Date="20130723" Time="170218">CalculateField nsegmentFL tosegment_orig [tosegment] VB #</Process><Process ToolSource="C:\ArcGIS\Desktop10.0\ArcToolbox\Toolboxes\Data Management Tools.tbx\AddField" Date="20130723" Time="170311">AddField nsegmentFL K_coef DOUBLE # # # # NULLABLE NON_REQUIRED #</Process><Process ToolSource="C:\ArcGIS\Desktop10.0\ArcToolbox\Toolboxes\Data Management Tools.tbx\CalculateField" Date="20130723" Time="170313">CalculateField nsegmentFL K_coef -99999 VB #</Process><Process ToolSource="C:\ArcGIS\Desktop10.0\ArcToolbox\Toolboxes\Data Management Tools.tbx\RemoveJoin" Date="20130723" Time="170327">RemoveJoin nsegmentFL K_coef</Process><Process ToolSource="C:\ArcGIS\Desktop10.0\ArcToolbox\Toolboxes\Data Management Tools.tbx\DeleteField" Date="20130730" Time="140900">DeleteField C:\Workspace\wk_NHDPlus/NHDPlus17_Final.gdb/PRMS/nsegment tosegment</Process><Process ToolSource="C:\ArcGIS\Desktop10.0\ArcToolbox\Toolboxes\Data Management Tools.tbx\DeleteField" Date="20130730" Time="140902">DeleteField C:\Workspace\wk_NHDPlus/NHDPlus17_Final.gdb/PRMS/nsegment K_coef</Process><Process ToolSource="C:\ArcGIS\Desktop10.0\ArcToolbox\Toolboxes\Data Management Tools.tbx\DeleteField" Date="20130730" Time="140922">DeleteField C:\Workspace\wk_NHDPlus/NHDPlus17_Final.gdb/PRMS/nsegment seg_id</Process><Process ToolSource="C:\ArcGIS\Desktop10.0\ArcToolbox\Toolboxes\Data Management Tools.tbx\AddField" Date="20130730" Time="140931">AddField nsegmentFL seg_id SHORT # # # # NULLABLE NON_REQUIRED #</Process><Process ToolSource="C:\ArcGIS\Desktop10.0\ArcToolbox\Toolboxes\Data Management Tools.tbx\Sort" Date="20130730" Time="140937">Sort nsegmentTV C:\Workspace\wk_NHDPlus\NHDPlus17_Final.gdb\PRMS\nsegment_sort "seg_id ASCENDING" UR</Process><Process ToolSource="C:\ArcGIS\Desktop10.0\ArcToolbox\Toolboxes\Data Management Tools.tbx\AddField" Date="20130730" Time="140941">AddField nsegmentFL tosegment LONG # # # # NULLABLE NON_REQUIRED #</Process><Process ToolSource="C:\ArcGIS\Desktop10.0\ArcToolbox\Toolboxes\Data Management Tools.tbx\CalculateField" Date="20130730" Time="140942">CalculateField nsegmentFL tosegment 0 VB #</Process><Process ToolSource="C:\ArcGIS\Desktop10.0\ArcToolbox\Toolboxes\Data Management Tools.tbx\AddField" Date="20130730" Time="140942">AddField nsegmentFL tosegment_orig LONG # # # # NULLABLE NON_REQUIRED #</Process><Process ToolSource="C:\ArcGIS\Desktop10.0\ArcToolbox\Toolboxes\Data Management Tools.tbx\CalculateField" Date="20130730" Time="140943">CalculateField nsegmentFL tosegment_orig 0 VB #</Process><Process ToolSource="C:\ArcGIS\Desktop10.0\ArcToolbox\Toolboxes\Data Management Tools.tbx\DeleteField" Date="20130730" Time="172309">DeleteField C:\Workspace\wk_NHDPlus/NHDPlus17_Final.gdb/PRMS/nsegment tosegment</Process><Process ToolSource="C:\ArcGIS\Desktop10.0\ArcToolbox\Toolboxes\Data Management Tools.tbx\DeleteField" Date="20130730" Time="172318">DeleteField C:\Workspace\wk_NHDPlus/NHDPlus17_Final.gdb/PRMS/nsegment seg_id</Process><Process ToolSource="C:\ArcGIS\Desktop10.0\ArcToolbox\Toolboxes\Data Management Tools.tbx\AddField" Date="20130730" Time="172325">AddField nsegmentFL seg_id SHORT # # # # NULLABLE NON_REQUIRED #</Process><Process ToolSource="C:\ArcGIS\Desktop10.0\ArcToolbox\Toolboxes\Data Management Tools.tbx\Sort" Date="20130730" Time="172331">Sort nsegmentTV C:\Workspace\wk_NHDPlus\NHDPlus17_Final.gdb\PRMS\nsegment_sort "seg_id ASCENDING" UR</Process><Process ToolSource="C:\ArcGIS\Desktop10.0\ArcToolbox\Toolboxes\Data Management Tools.tbx\AddField" Date="20130730" Time="172334">AddField nsegmentFL tosegment LONG # # # # NULLABLE NON_REQUIRED #</Process><Process ToolSource="C:\ArcGIS\Desktop10.0\ArcToolbox\Toolboxes\Data Management Tools.tbx\CalculateField" Date="20130730" Time="172336">CalculateField nsegmentFL tosegment 0 VB #</Process><Process ToolSource="C:\ArcGIS\Desktop10.0\ArcToolbox\Toolboxes\Data Management Tools.tbx\AddField" Date="20130730" Time="172336">AddField nsegmentFL tosegment_orig LONG # # # # NULLABLE NON_REQUIRED #</Process><Process ToolSource="C:\ArcGIS\Desktop10.0\ArcToolbox\Toolboxes\Data Management Tools.tbx\CalculateField" Date="20130730" Time="172337">CalculateField nsegmentFL tosegment_orig 0 VB #</Process><Process ToolSource="C:\ArcGIS\Desktop10.0\ArcToolbox\Toolboxes\Data Management Tools.tbx\RemoveJoin" Date="20130730" Time="172824">RemoveJoin nsegmentFL junk</Process><Process ToolSource="C:\ArcGIS\Desktop10.0\ArcToolbox\Toolboxes\Data Management Tools.tbx\CalculateField" Date="20130730" Time="172829">CalculateField nsegmentFL tosegment_orig [tosegment] VB #</Process><Process ToolSource="C:\ArcGIS\Desktop10.0\ArcToolbox\Toolboxes\Data Management Tools.tbx\AddField" Date="20130730" Time="172930">AddField nsegmentFL K_coef DOUBLE # # # # NULLABLE NON_REQUIRED #</Process><Process ToolSource="C:\ArcGIS\Desktop10.0\ArcToolbox\Toolboxes\Data Management Tools.tbx\CalculateField" Date="20130730" Time="172931">CalculateField nsegmentFL K_coef -99999 VB #</Process><Process ToolSource="C:\ArcGIS\Desktop10.0\ArcToolbox\Toolboxes\Data Management Tools.tbx\RemoveJoin" Date="20130730" Time="172945">RemoveJoin nsegmentFL K_coef</Process><Process ToolSource="C:\ArcGIS\Desktop10.0\ArcToolbox\Toolboxes\Data Management Tools.tbx\DeleteField" Date="20130808" Time="180130">DeleteField C:\Workspace\wk_NHDPlus/NHDPlus17_Final.gdb/PRMS/nsegment tosegment</Process><Process ToolSource="C:\ArcGIS\Desktop10.0\ArcToolbox\Toolboxes\Data Management Tools.tbx\DeleteField" Date="20130808" Time="180132">DeleteField C:\Workspace\wk_NHDPlus/NHDPlus17_Final.gdb/PRMS/nsegment K_coef</Process><Process ToolSource="C:\ArcGIS\Desktop10.0\ArcToolbox\Toolboxes\Data Management Tools.tbx\DeleteField" Date="20130808" Time="180154">DeleteField C:\Workspace\wk_NHDPlus/NHDPlus17_Final.gdb/PRMS/nsegment seg_id</Process><Process ToolSource="C:\ArcGIS\Desktop10.0\ArcToolbox\Toolboxes\Data Management Tools.tbx\AddField" Date="20130808" Time="180201">AddField nsegmentFL seg_id SHORT # # # # NULLABLE NON_REQUIRED #</Process><Process ToolSource="C:\ArcGIS\Desktop10.0\ArcToolbox\Toolboxes\Data Management Tools.tbx\Sort" Date="20130808" Time="180208">Sort nsegmentTV C:\Workspace\wk_NHDPlus\NHDPlus17_Final.gdb\PRMS\nsegment_sort "seg_id ASCENDING" UR</Process><Process ToolSource="C:\ArcGIS\Desktop10.0\ArcToolbox\Toolboxes\Data Management Tools.tbx\AddField" Date="20130808" Time="180211">AddField nsegmentFL tosegment LONG # # # # NULLABLE NON_REQUIRED #</Process><Process ToolSource="C:\ArcGIS\Desktop10.0\ArcToolbox\Toolboxes\Data Management Tools.tbx\CalculateField" Date="20130808" Time="180213">CalculateField nsegmentFL tosegment 0 VB #</Process><Process ToolSource="C:\ArcGIS\Desktop10.0\ArcToolbox\Toolboxes\Data Management Tools.tbx\AddField" Date="20130808" Time="180213">AddField nsegmentFL tosegment_orig LONG # # # # NULLABLE NON_REQUIRED #</Process><Process ToolSource="C:\ArcGIS\Desktop10.0\ArcToolbox\Toolboxes\Data Management Tools.tbx\CalculateField" Date="20130808" Time="180214">CalculateField nsegmentFL tosegment_orig 0 VB #</Process><Process ToolSource="C:\ArcGIS\Desktop10.0\ArcToolbox\Toolboxes\Data Management Tools.tbx\RemoveJoin" Date="20130808" Time="180654">RemoveJoin nsegmentFL junk</Process><Process ToolSource="C:\ArcGIS\Desktop10.0\ArcToolbox\Toolboxes\Data Management Tools.tbx\CalculateField" Date="20130808" Time="180659">CalculateField nsegmentFL tosegment_orig [tosegment] VB #</Process><Process ToolSource="C:\ArcGIS\Desktop10.0\ArcToolbox\Toolboxes\Data Management Tools.tbx\AddField" Date="20130808" Time="180756">AddField nsegmentFL K_coef DOUBLE # # # # NULLABLE NON_REQUIRED #</Process><Process ToolSource="C:\ArcGIS\Desktop10.0\ArcToolbox\Toolboxes\Data Management Tools.tbx\CalculateField" Date="20130808" Time="180757">CalculateField nsegmentFL K_coef -99999 VB #</Process><Process ToolSource="C:\ArcGIS\Desktop10.0\ArcToolbox\Toolboxes\Data Management Tools.tbx\RemoveJoin" Date="20130808" Time="180811">RemoveJoin nsegmentFL K_coef</Process><Process ToolSource="C:\ArcGIS\Desktop10.0\ArcToolbox\Toolboxes\Data Management Tools.tbx\DeleteField" Date="20130808" Time="182410">DeleteField C:\Workspace\wk_NHDPlus/NHDPlus17_Final.gdb/PRMS/nsegment seg_id</Process><Process ToolSource="C:\ArcGIS\Desktop10.0\ArcToolbox\Toolboxes\Data Management Tools.tbx\DeleteField" Date="20130808" Time="182412">DeleteField C:\Workspace\wk_NHDPlus/NHDPlus17_Final.gdb/PRMS/nsegment tosegment</Process><Process ToolSource="C:\ArcGIS\Desktop10.0\ArcToolbox\Toolboxes\Data Management Tools.tbx\AddField" Date="20130808" Time="182422">AddField nsegmentFL seg_id SHORT # # # # NULLABLE NON_REQUIRED #</Process><Process ToolSource="C:\ArcGIS\Desktop10.0\ArcToolbox\Toolboxes\Data Management Tools.tbx\Sort" Date="20130808" Time="182431">Sort nsegmentTV C:\Workspace\wk_NHDPlus\NHDPlus17_Final.gdb\PRMS\nsegment_sort "seg_id ASCENDING" UR</Process><Process ToolSource="C:\ArcGIS\Desktop10.0\ArcToolbox\Toolboxes\Data Management Tools.tbx\AddField" Date="20130808" Time="182434">AddField nsegmentFL tosegment LONG # # # # NULLABLE NON_REQUIRED #</Process><Process ToolSource="C:\ArcGIS\Desktop10.0\ArcToolbox\Toolboxes\Data Management Tools.tbx\CalculateField" Date="20130808" Time="182436">CalculateField nsegmentFL tosegment 0 VB #</Process><Process ToolSource="C:\ArcGIS\Desktop10.0\ArcToolbox\Toolboxes\Data Management Tools.tbx\AddField" Date="20130808" Time="182436">AddField nsegmentFL tosegment_orig LONG # # # # NULLABLE NON_REQUIRED #</Process><Process ToolSource="C:\ArcGIS\Desktop10.0\ArcToolbox\Toolboxes\Data Management Tools.tbx\CalculateField" Date="20130808" Time="182437">CalculateField nsegmentFL tosegment_orig 0 VB #</Process><Process ToolSource="C:\ArcGIS\Desktop10.0\ArcToolbox\Toolboxes\Data Management Tools.tbx\RemoveJoin" Date="20130808" Time="182908">RemoveJoin nsegmentFL junk</Process><Process ToolSource="C:\ArcGIS\Desktop10.0\ArcToolbox\Toolboxes\Data Management Tools.tbx\CalculateField" Date="20130808" Time="182913">CalculateField nsegmentFL tosegment_orig [tosegment] VB #</Process><Process ToolSource="C:\ArcGIS\Desktop10.0\ArcToolbox\Toolboxes\Data Management Tools.tbx\CalculateField" Date="20130808" Time="183010">CalculateField nsegmentFL K_coef -99999 VB #</Process><Process ToolSource="C:\ArcGIS\Desktop10.0\ArcToolbox\Toolboxes\Data Management Tools.tbx\RemoveJoin" Date="20130808" Time="183025">RemoveJoin nsegmentFL K_coef</Process><Process ToolSource="C:\ArcGIS\Desktop10.0\ArcToolbox\Toolboxes\Data Management Tools.tbx\DeleteField" Date="20130808" Time="185239">DeleteField C:\Workspace\wk_NHDPlus/NHDPlus17_Final.gdb/PRMS/nsegment seg_id</Process><Process ToolSource="C:\ArcGIS\Desktop10.0\ArcToolbox\Toolboxes\Data Management Tools.tbx\DeleteField" Date="20130808" Time="185241">DeleteField C:\Workspace\wk_NHDPlus/NHDPlus17_Final.gdb/PRMS/nsegment tosegment</Process><Process ToolSource="C:\ArcGIS\Desktop10.0\ArcToolbox\Toolboxes\Data Management Tools.tbx\AddField" Date="20130808" Time="185251">AddField nsegmentFL seg_id SHORT # # # # NULLABLE NON_REQUIRED #</Process><Process ToolSource="C:\ArcGIS\Desktop10.0\ArcToolbox\Toolboxes\Data Management Tools.tbx\Sort" Date="20130808" Time="185257">Sort nsegmentTV C:\Workspace\wk_NHDPlus\NHDPlus17_Final.gdb\PRMS\nsegment_sort "seg_id ASCENDING" UR</Process><Process ToolSource="C:\ArcGIS\Desktop10.0\ArcToolbox\Toolboxes\Data Management Tools.tbx\AddField" Date="20130808" Time="185301">AddField nsegmentFL tosegment LONG # # # # NULLABLE NON_REQUIRED #</Process><Process ToolSource="C:\ArcGIS\Desktop10.0\ArcToolbox\Toolboxes\Data Management Tools.tbx\CalculateField" Date="20130808" Time="185302">CalculateField nsegmentFL tosegment 0 VB #</Process><Process ToolSource="C:\ArcGIS\Desktop10.0\ArcToolbox\Toolboxes\Data Management Tools.tbx\AddField" Date="20130808" Time="185302">AddField nsegmentFL tosegment_orig LONG # # # # NULLABLE NON_REQUIRED #</Process><Process ToolSource="C:\ArcGIS\Desktop10.0\ArcToolbox\Toolboxes\Data Management Tools.tbx\CalculateField" Date="20130808" Time="185303">CalculateField nsegmentFL tosegment_orig 0 VB #</Process><Process ToolSource="C:\ArcGIS\Desktop10.0\ArcToolbox\Toolboxes\Data Management Tools.tbx\RemoveJoin" Date="20130808" Time="185731">RemoveJoin nsegmentFL junk</Process><Process ToolSource="C:\ArcGIS\Desktop10.0\ArcToolbox\Toolboxes\Data Management Tools.tbx\CalculateField" Date="20130808" Time="185736">CalculateField nsegmentFL tosegment_orig [tosegment] VB #</Process><Process ToolSource="C:\ArcGIS\Desktop10.0\ArcToolbox\Toolboxes\Data Management Tools.tbx\CalculateField" Date="20130808" Time="185828">CalculateField nsegmentFL K_coef -99999 VB #</Process><Process ToolSource="C:\ArcGIS\Desktop10.0\ArcToolbox\Toolboxes\Data Management Tools.tbx\RemoveJoin" Date="20130808" Time="185842">RemoveJoin nsegmentFL K_coef</Process><Process ToolSource="C:\ArcGIS\Desktop10.0\ArcToolbox\Toolboxes\Data Management Tools.tbx\DeleteField" Date="20130809" Time="100758">DeleteField C:\Workspace\wk_NHDPlus/NHDPlus17_Final.gdb/PRMS/nsegment seg_id</Process><Process ToolSource="C:\ArcGIS\Desktop10.0\ArcToolbox\Toolboxes\Data Management Tools.tbx\DeleteField" Date="20130809" Time="100800">DeleteField C:\Workspace\wk_NHDPlus/NHDPlus17_Final.gdb/PRMS/nsegment tosegment</Process><Process ToolSource="C:\ArcGIS\Desktop10.0\ArcToolbox\Toolboxes\Data Management Tools.tbx\AddField" Date="20130809" Time="100810">AddField nsegmentFL seg_id SHORT # # # # NULLABLE NON_REQUIRED #</Process><Process ToolSource="C:\ArcGIS\Desktop10.0\ArcToolbox\Toolboxes\Data Management Tools.tbx\Sort" Date="20130809" Time="100817">Sort nsegmentTV C:\Workspace\wk_NHDPlus\NHDPlus17_Final.gdb\PRMS\nsegment_sort "seg_id ASCENDING" UR</Process><Process ToolSource="C:\ArcGIS\Desktop10.0\ArcToolbox\Toolboxes\Data Management Tools.tbx\AddField" Date="20130809" Time="100820">AddField nsegmentFL tosegment LONG # # # # NULLABLE NON_REQUIRED #</Process><Process ToolSource="C:\ArcGIS\Desktop10.0\ArcToolbox\Toolboxes\Data Management Tools.tbx\CalculateField" Date="20130809" Time="100821">CalculateField nsegmentFL tosegment 0 VB #</Process><Process ToolSource="C:\ArcGIS\Desktop10.0\ArcToolbox\Toolboxes\Data Management Tools.tbx\AddField" Date="20130809" Time="100821">AddField nsegmentFL tosegment_orig LONG # # # # NULLABLE NON_REQUIRED #</Process><Process ToolSource="C:\ArcGIS\Desktop10.0\ArcToolbox\Toolboxes\Data Management Tools.tbx\CalculateField" Date="20130809" Time="100822">CalculateField nsegmentFL tosegment_orig 0 VB #</Process><Process ToolSource="C:\ArcGIS\Desktop10.0\ArcToolbox\Toolboxes\Data Management Tools.tbx\RemoveJoin" Date="20130809" Time="101258">RemoveJoin nsegmentFL junk</Process><Process ToolSource="C:\ArcGIS\Desktop10.0\ArcToolbox\Toolboxes\Data Management Tools.tbx\CalculateField" Date="20130809" Time="101303">CalculateField nsegmentFL tosegment_orig [tosegment] VB #</Process><Process ToolSource="C:\ArcGIS\Desktop10.0\ArcToolbox\Toolboxes\Data Management Tools.tbx\CalculateField" Date="20130809" Time="101356">CalculateField nsegmentFL K_coef -99999 VB #</Process><Process ToolSource="C:\ArcGIS\Desktop10.0\ArcToolbox\Toolboxes\Data Management Tools.tbx\RemoveJoin" Date="20130809" Time="101409">RemoveJoin nsegmentFL K_coef</Process><Process ToolSource="C:\ArcGIS\Desktop10.0\ArcToolbox\Toolboxes\Data Management Tools.tbx\CalculateField" Date="20130918" Time="171333">CalculateField fLayer tosegment 472 VB #</Process><Process ToolSource="C:\ArcGIS\Desktop10.0\ArcToolbox\Toolboxes\Data Management Tools.tbx\CalculateField" Date="20130918" Time="171334">CalculateField fLayer tosegment 710 VB #</Process><Process ToolSource="C:\ArcGIS\Desktop10.0\ArcToolbox\Toolboxes\Data Management Tools.tbx\CalculateField" Date="20130918" Time="171334">CalculateField fLayer tosegment 1412 VB #</Process><Process ToolSource="C:\ArcGIS\Desktop10.0\ArcToolbox\Toolboxes\Data Management Tools.tbx\CalculateField" Date="20130918" Time="171335">CalculateField fLayer tosegment 1568 VB #</Process><Process ToolSource="C:\ArcGIS\Desktop10.0\ArcToolbox\Toolboxes\Data Management Tools.tbx\CalculateField" Date="20130918" Time="171336">CalculateField fLayer tosegment 3592 VB #</Process><Process ToolSource="C:\ArcGIS\Desktop10.0\ArcToolbox\Toolboxes\Data Management Tools.tbx\CalculateField" Date="20130918" Time="171336">CalculateField fLayer tosegment 3997 VB #</Process><Process ToolSource="C:\ArcGIS\Desktop10.0\ArcToolbox\Toolboxes\Data Management Tools.tbx\CalculateField" Date="20130918" Time="171337">CalculateField fLayer tosegment 4061 VB #</Process><Process ToolSource="C:\ArcGIS\Desktop10.0\ArcToolbox\Toolboxes\Data Management Tools.tbx\CalculateField" Date="20130918" Time="171338">CalculateField fLayer tosegment 4205 VB #</Process><Process ToolSource="C:\ArcGIS\Desktop10.0\ArcToolbox\Toolboxes\Data Management Tools.tbx\CalculateField" Date="20130918" Time="171338">CalculateField fLayer tosegment 4296 VB #</Process><Process ToolSource="C:\ArcGIS\Desktop10.0\ArcToolbox\Toolboxes\Data Management Tools.tbx\DeleteField" Date="20130919" Time="111731">DeleteField C:\Workspace\wk_NHDPlus/NHDPlus17_Final.gdb/PRMS/nsegment seg_id</Process><Process ToolSource="C:\ArcGIS\Desktop10.0\ArcToolbox\Toolboxes\Data Management Tools.tbx\DeleteField" Date="20130919" Time="111734">DeleteField C:\Workspace\wk_NHDPlus/NHDPlus17_Final.gdb/PRMS/nsegment tosegment</Process><Process ToolSource="C:\ArcGIS\Desktop10.0\ArcToolbox\Toolboxes\Data Management Tools.tbx\AddField" Date="20130919" Time="111817">AddField nsegmentFL seg_id SHORT # # # # NULLABLE NON_REQUIRED #</Process><Process ToolSource="C:\ArcGIS\Desktop10.0\ArcToolbox\Toolboxes\Data Management Tools.tbx\Sort" Date="20130919" Time="111825">Sort nsegmentTV C:\Workspace\wk_NHDPlus\NHDPlus17_Final.gdb\PRMS\nsegment_sort "seg_id ASCENDING" UR</Process><Process ToolSource="C:\ArcGIS\Desktop10.0\ArcToolbox\Toolboxes\Data Management Tools.tbx\AddField" Date="20130919" Time="111829">AddField nsegmentFL tosegment LONG # # # # NULLABLE NON_REQUIRED #</Process><Process ToolSource="C:\ArcGIS\Desktop10.0\ArcToolbox\Toolboxes\Data Management Tools.tbx\CalculateField" Date="20130919" Time="111830">CalculateField nsegmentFL tosegment 0 VB #</Process><Process ToolSource="C:\ArcGIS\Desktop10.0\ArcToolbox\Toolboxes\Data Management Tools.tbx\AddField" Date="20130919" Time="111831">AddField nsegmentFL tosegment_orig LONG # # # # NULLABLE NON_REQUIRED #</Process><Process ToolSource="C:\ArcGIS\Desktop10.0\ArcToolbox\Toolboxes\Data Management Tools.tbx\CalculateField" Date="20130919" Time="111832">CalculateField nsegmentFL tosegment_orig 0 VB #</Process><Process ToolSource="C:\ArcGIS\Desktop10.0\ArcToolbox\Toolboxes\Data Management Tools.tbx\RemoveJoin" Date="20130919" Time="112354">RemoveJoin nsegmentFL junk</Process><Process ToolSource="C:\ArcGIS\Desktop10.0\ArcToolbox\Toolboxes\Data Management Tools.tbx\CalculateField" Date="20130919" Time="112400">CalculateField nsegmentFL tosegment_orig [tosegment] VB #</Process><Process ToolSource="C:\ArcGIS\Desktop10.0\ArcToolbox\Toolboxes\Data Management Tools.tbx\CalculateField" Date="20130919" Time="112500">CalculateField nsegmentFL K_coef -99999 VB #</Process><Process ToolSource="C:\ArcGIS\Desktop10.0\ArcToolbox\Toolboxes\Data Management Tools.tbx\RemoveJoin" Date="20130919" Time="112516">RemoveJoin nsegmentFL K_coef</Process><Process ToolSource="C:\ArcGIS\Desktop10.0\ArcToolbox\Toolboxes\Data Management Tools.tbx\DeleteField" Date="20130919" Time="113526">DeleteField C:\Workspace\wk_NHDPlus/NHDPlus17_Final.gdb/PRMS/nsegment seg_id</Process><Process ToolSource="C:\ArcGIS\Desktop10.0\ArcToolbox\Toolboxes\Data Management Tools.tbx\DeleteField" Date="20130919" Time="113528">DeleteField C:\Workspace\wk_NHDPlus/NHDPlus17_Final.gdb/PRMS/nsegment tosegment</Process><Process ToolSource="C:\ArcGIS\Desktop10.0\ArcToolbox\Toolboxes\Data Management Tools.tbx\AddField" Date="20130919" Time="113541">AddField nsegmentFL seg_id SHORT # # # # NULLABLE NON_REQUIRED #</Process><Process ToolSource="C:\ArcGIS\Desktop10.0\ArcToolbox\Toolboxes\Data Management Tools.tbx\Sort" Date="20130919" Time="113549">Sort nsegmentTV C:\Workspace\wk_NHDPlus\NHDPlus17_Final.gdb\PRMS\nsegment_sort "seg_id ASCENDING" UR</Process><Process ToolSource="C:\ArcGIS\Desktop10.0\ArcToolbox\Toolboxes\Data Management Tools.tbx\AddField" Date="20130919" Time="113553">AddField nsegmentFL tosegment LONG # # # # NULLABLE NON_REQUIRED #</Process><Process ToolSource="C:\ArcGIS\Desktop10.0\ArcToolbox\Toolboxes\Data Management Tools.tbx\CalculateField" Date="20130919" Time="113554">CalculateField nsegmentFL tosegment 0 VB #</Process><Process ToolSource="C:\ArcGIS\Desktop10.0\ArcToolbox\Toolboxes\Data Management Tools.tbx\AddField" Date="20130919" Time="113554">AddField nsegmentFL tosegment_orig LONG # # # # NULLABLE NON_REQUIRED #</Process><Process ToolSource="C:\ArcGIS\Desktop10.0\ArcToolbox\Toolboxes\Data Management Tools.tbx\CalculateField" Date="20130919" Time="113555">CalculateField nsegmentFL tosegment_orig 0 VB #</Process><Process ToolSource="C:\ArcGIS\Desktop10.0\ArcToolbox\Toolboxes\Data Management Tools.tbx\RemoveJoin" Date="20130919" Time="114110">RemoveJoin nsegmentFL junk</Process><Process ToolSource="C:\ArcGIS\Desktop10.0\ArcToolbox\Toolboxes\Data Management Tools.tbx\CalculateField" Date="20130919" Time="114116">CalculateField nsegmentFL tosegment_orig [tosegment] VB #</Process><Process ToolSource="C:\ArcGIS\Desktop10.0\ArcToolbox\Toolboxes\Data Management Tools.tbx\CalculateField" Date="20130919" Time="114216">CalculateField nsegmentFL K_coef -99999 VB #</Process><Process ToolSource="C:\ArcGIS\Desktop10.0\ArcToolbox\Toolboxes\Data Management Tools.tbx\RemoveJoin" Date="20130919" Time="114232">RemoveJoin nsegmentFL K_coef</Process><Process ToolSource="C:\ArcGIS\Desktop10.0\ArcToolbox\Toolboxes\Data Management Tools.tbx\DeleteField" Date="20130919" Time="151443">DeleteField C:\Workspace\wk_NHDPlus/NHDPlus17_Final.gdb/PRMS/nsegment seg_id</Process><Process ToolSource="C:\ArcGIS\Desktop10.0\ArcToolbox\Toolboxes\Data Management Tools.tbx\DeleteField" Date="20130919" Time="151446">DeleteField C:\Workspace\wk_NHDPlus/NHDPlus17_Final.gdb/PRMS/nsegment tosegment</Process><Process ToolSource="C:\ArcGIS\Desktop10.0\ArcToolbox\Toolboxes\Data Management Tools.tbx\AddField" Date="20130919" Time="151459">AddField nsegmentFL seg_id SHORT # # # # NULLABLE NON_REQUIRED #</Process><Process ToolSource="C:\ArcGIS\Desktop10.0\ArcToolbox\Toolboxes\Data Management Tools.tbx\Sort" Date="20130919" Time="151507">Sort nsegmentTV C:\Workspace\wk_NHDPlus\NHDPlus17_Final.gdb\PRMS\nsegment_sort "seg_id ASCENDING" UR</Process><Process ToolSource="C:\ArcGIS\Desktop10.0\ArcToolbox\Toolboxes\Data Management Tools.tbx\AddField" Date="20130919" Time="151511">AddField nsegmentFL tosegment LONG # # # # NULLABLE NON_REQUIRED #</Process><Process ToolSource="C:\ArcGIS\Desktop10.0\ArcToolbox\Toolboxes\Data Management Tools.tbx\CalculateField" Date="20130919" Time="151513">CalculateField nsegmentFL tosegment 0 VB #</Process><Process ToolSource="C:\ArcGIS\Desktop10.0\ArcToolbox\Toolboxes\Data Management Tools.tbx\AddField" Date="20130919" Time="151513">AddField nsegmentFL tosegment_orig LONG # # # # NULLABLE NON_REQUIRED #</Process><Process ToolSource="C:\ArcGIS\Desktop10.0\ArcToolbox\Toolboxes\Data Management Tools.tbx\CalculateField" Date="20130919" Time="151514">CalculateField nsegmentFL tosegment_orig 0 VB #</Process><Process ToolSource="C:\ArcGIS\Desktop10.0\ArcToolbox\Toolboxes\Data Management Tools.tbx\RemoveJoin" Date="20130919" Time="152036">RemoveJoin nsegmentFL junk</Process><Process ToolSource="C:\ArcGIS\Desktop10.0\ArcToolbox\Toolboxes\Data Management Tools.tbx\CalculateField" Date="20130919" Time="152042">CalculateField nsegmentFL tosegment_orig [tosegment] VB #</Process><Process ToolSource="C:\ArcGIS\Desktop10.0\ArcToolbox\Toolboxes\Data Management Tools.tbx\CalculateField" Date="20130919" Time="152140">CalculateField nsegmentFL K_coef -99999 VB #</Process><Process ToolSource="C:\ArcGIS\Desktop10.0\ArcToolbox\Toolboxes\Data Management Tools.tbx\RemoveJoin" Date="20130919" Time="152156">RemoveJoin nsegmentFL K_coef</Process><Process ToolSource="C:\ArcGIS\Desktop10.0\ArcToolbox\Toolboxes\Data Management Tools.tbx\CalculateField" Date="20130919" Time="152705">CalculateField fLayer tosegment 472 VB #</Process><Process ToolSource="C:\ArcGIS\Desktop10.0\ArcToolbox\Toolboxes\Data Management Tools.tbx\CalculateField" Date="20130919" Time="152706">CalculateField fLayer tosegment 710 VB #</Process><Process ToolSource="C:\ArcGIS\Desktop10.0\ArcToolbox\Toolboxes\Data Management Tools.tbx\CalculateField" Date="20130919" Time="152706">CalculateField fLayer tosegment 1412 VB #</Process><Process ToolSource="C:\ArcGIS\Desktop10.0\ArcToolbox\Toolboxes\Data Management Tools.tbx\CalculateField" Date="20130919" Time="152707">CalculateField fLayer tosegment 1568 VB #</Process><Process ToolSource="C:\ArcGIS\Desktop10.0\ArcToolbox\Toolboxes\Data Management Tools.tbx\CalculateField" Date="20130919" Time="152708">CalculateField fLayer tosegment 3592 VB #</Process><Process ToolSource="C:\ArcGIS\Desktop10.0\ArcToolbox\Toolboxes\Data Management Tools.tbx\CalculateField" Date="20130919" Time="152709">CalculateField fLayer tosegment 3997 VB #</Process><Process ToolSource="C:\ArcGIS\Desktop10.0\ArcToolbox\Toolboxes\Data Management Tools.tbx\CalculateField" Date="20130919" Time="152709">CalculateField fLayer tosegment 4061 VB #</Process><Process ToolSource="C:\ArcGIS\Desktop10.0\ArcToolbox\Toolboxes\Data Management Tools.tbx\CalculateField" Date="20130919" Time="152710">CalculateField fLayer tosegment 4205 VB #</Process><Process ToolSource="C:\ArcGIS\Desktop10.0\ArcToolbox\Toolboxes\Data Management Tools.tbx\CalculateField" Date="20130919" Time="152711">CalculateField fLayer tosegment 4296 VB #</Process><Process ToolSource="C:\ArcGIS\Desktop10.0\ArcToolbox\Toolboxes\Data Management Tools.tbx\DeleteField" Date="20131113" Time="222154">DeleteField C:\Workspace\wk_NHDPlus/NHDPlus17_Final.gdb/PRMS/nsegment seg_id</Process><Process ToolSource="C:\ArcGIS\Desktop10.0\ArcToolbox\Toolboxes\Data Management Tools.tbx\DeleteField" Date="20131113" Time="222157">DeleteField C:\Workspace\wk_NHDPlus/NHDPlus17_Final.gdb/PRMS/nsegment tosegment</Process><Process ToolSource="C:\ArcGIS\Desktop10.0\ArcToolbox\Toolboxes\Data Management Tools.tbx\AddField" Date="20131113" Time="222221">AddField nsegmentFL seg_id SHORT # # # # NULLABLE NON_REQUIRED #</Process><Process ToolSource="C:\ArcGIS\Desktop10.0\ArcToolbox\Toolboxes\Data Management Tools.tbx\Sort" Date="20131113" Time="222228">Sort nsegmentTV C:\Workspace\wk_NHDPlus\NHDPlus17_Final.gdb\PRMS\nsegment_sort "seg_id ASCENDING" UR</Process><Process ToolSource="C:\ArcGIS\Desktop10.0\ArcToolbox\Toolboxes\Data Management Tools.tbx\AddField" Date="20131113" Time="222232">AddField nsegmentFL tosegment LONG # # # # NULLABLE NON_REQUIRED #</Process><Process ToolSource="C:\ArcGIS\Desktop10.0\ArcToolbox\Toolboxes\Data Management Tools.tbx\CalculateField" Date="20131113" Time="222233">CalculateField nsegmentFL tosegment 0 VB #</Process><Process ToolSource="C:\ArcGIS\Desktop10.0\ArcToolbox\Toolboxes\Data Management Tools.tbx\CalculateField" Date="20131113" Time="222234">CalculateField nsegmentFL tosegment_orig 0 VB #</Process><Process ToolSource="C:\ArcGIS\Desktop10.0\ArcToolbox\Toolboxes\Data Management Tools.tbx\RemoveJoin" Date="20131113" Time="222701">RemoveJoin nsegmentFL junk</Process><Process ToolSource="C:\ArcGIS\Desktop10.0\ArcToolbox\Toolboxes\Data Management Tools.tbx\CalculateField" Date="20131113" Time="222706">CalculateField nsegmentFL tosegment_orig [tosegment] VB #</Process><Process ToolSource="C:\ArcGIS\Desktop10.0\ArcToolbox\Toolboxes\Data Management Tools.tbx\CalculateField" Date="20131113" Time="222800">CalculateField nsegmentFL K_coef -99999 VB #</Process><Process ToolSource="C:\ArcGIS\Desktop10.0\ArcToolbox\Toolboxes\Data Management Tools.tbx\RemoveJoin" Date="20131113" Time="222814">RemoveJoin nsegmentFL K_coef</Process><Process ToolSource="C:\ArcGIS\Desktop10.0\ArcToolbox\Toolboxes\Data Management Tools.tbx\CalculateField" Date="20131113" Time="222821">CalculateField fLayer tosegment 348 VB #</Process><Process ToolSource="C:\ArcGIS\Desktop10.0\ArcToolbox\Toolboxes\Data Management Tools.tbx\CalculateField" Date="20131113" Time="222821">CalculateField fLayer tosegment 472 VB #</Process><Process ToolSource="C:\ArcGIS\Desktop10.0\ArcToolbox\Toolboxes\Data Management Tools.tbx\CalculateField" Date="20131113" Time="222822">CalculateField fLayer tosegment 710 VB #</Process><Process ToolSource="C:\ArcGIS\Desktop10.0\ArcToolbox\Toolboxes\Data Management Tools.tbx\CalculateField" Date="20131113" Time="222823">CalculateField fLayer tosegment 756 VB #</Process><Process ToolSource="C:\ArcGIS\Desktop10.0\ArcToolbox\Toolboxes\Data Management Tools.tbx\CalculateField" Date="20131113" Time="222823">CalculateField fLayer tosegment 5400 VB #</Process><Process ToolSource="C:\ArcGIS\Desktop10.0\ArcToolbox\Toolboxes\Data Management Tools.tbx\CalculateField" Date="20131113" Time="222824">CalculateField fLayer tosegment 1412 VB #</Process><Process ToolSource="C:\ArcGIS\Desktop10.0\ArcToolbox\Toolboxes\Data Management Tools.tbx\CalculateField" Date="20131113" Time="222824">CalculateField fLayer tosegment 1568 VB #</Process><Process ToolSource="C:\ArcGIS\Desktop10.0\ArcToolbox\Toolboxes\Data Management Tools.tbx\CalculateField" Date="20131113" Time="222825">CalculateField fLayer tosegment 2145 VB #</Process><Process ToolSource="C:\ArcGIS\Desktop10.0\ArcToolbox\Toolboxes\Data Management Tools.tbx\CalculateField" Date="20131113" Time="222825">CalculateField fLayer tosegment 3592 VB #</Process><Process ToolSource="C:\ArcGIS\Desktop10.0\ArcToolbox\Toolboxes\Data Management Tools.tbx\CalculateField" Date="20131113" Time="222826">CalculateField fLayer tosegment 3997 VB #</Process><Process ToolSource="C:\ArcGIS\Desktop10.0\ArcToolbox\Toolboxes\Data Management Tools.tbx\CalculateField" Date="20131113" Time="222827">CalculateField fLayer tosegment 4061 VB #</Process><Process ToolSource="C:\ArcGIS\Desktop10.0\ArcToolbox\Toolboxes\Data Management Tools.tbx\CalculateField" Date="20131113" Time="222827">CalculateField fLayer tosegment 4205 VB #</Process><Process ToolSource="C:\ArcGIS\Desktop10.0\ArcToolbox\Toolboxes\Data Management Tools.tbx\CalculateField" Date="20131113" Time="222828">CalculateField fLayer tosegment 4296 VB #</Process><Process ToolSource="C:\ArcGIS\Desktop10.0\ArcToolbox\Toolboxes\Data Management Tools.tbx\CalculateField" Date="20131113" Time="222828">CalculateField fLayer tosegment 5203 VB #</Process><Process ToolSource="C:\ArcGIS\Desktop10.0\ArcToolbox\Toolboxes\Data Management Tools.tbx\DeleteField" Date="20131115" Time="121859">DeleteField C:\Workspace\wk_NHDPlus/NHDPlus17_Final.gdb/PRMS/nsegment tosegment</Process><Process ToolSource="C:\ArcGIS\Desktop10.0\ArcToolbox\Toolboxes\Data Management Tools.tbx\DeleteField" Date="20131115" Time="121901">DeleteField C:\Workspace\wk_NHDPlus/NHDPlus17_Final.gdb/PRMS/nsegment K_coef</Process><Process ToolSource="C:\ArcGIS\Desktop10.0\ArcToolbox\Toolboxes\Data Management Tools.tbx\DeleteField" Date="20131115" Time="123653">DeleteField C:\Workspace\wk_NHDPlus/NHDPlus17_Final.gdb/PRMS/nsegment seg_id</Process><Process ToolSource="C:\ArcGIS\Desktop10.0\ArcToolbox\Toolboxes\Data Management Tools.tbx\AddField" Date="20131115" Time="123657">AddField nsegmentFL seg_id SHORT # # # # NULLABLE NON_REQUIRED #</Process><Process ToolSource="C:\ArcGIS\Desktop10.0\ArcToolbox\Toolboxes\Data Management Tools.tbx\Sort" Date="20131115" Time="123704">Sort nsegmentTV C:\Workspace\wk_NHDPlus\NHDPlus17_Final.gdb\PRMS\nsegment_sort "seg_id ASCENDING" UR</Process><Process ToolSource="C:\ArcGIS\Desktop10.0\ArcToolbox\Toolboxes\Data Management Tools.tbx\AddField" Date="20131115" Time="123707">AddField nsegmentFL tosegment LONG # # # # NULLABLE NON_REQUIRED #</Process><Process ToolSource="C:\ArcGIS\Desktop10.0\ArcToolbox\Toolboxes\Data Management Tools.tbx\CalculateField" Date="20131115" Time="123709">CalculateField nsegmentFL tosegment 0 VB #</Process><Process ToolSource="C:\ArcGIS\Desktop10.0\ArcToolbox\Toolboxes\Data Management Tools.tbx\CalculateField" Date="20131115" Time="123711">CalculateField nsegmentFL tosegment_orig 0 VB #</Process><Process ToolSource="C:\ArcGIS\Desktop10.0\ArcToolbox\Toolboxes\Data Management Tools.tbx\RemoveJoin" Date="20131115" Time="124155">RemoveJoin nsegmentFL junk</Process><Process ToolSource="C:\ArcGIS\Desktop10.0\ArcToolbox\Toolboxes\Data Management Tools.tbx\CalculateField" Date="20131115" Time="124201">CalculateField nsegmentFL tosegment_orig [tosegment] VB #</Process><Process ToolSource="C:\ArcGIS\Desktop10.0\ArcToolbox\Toolboxes\Data Management Tools.tbx\AddField" Date="20131115" Time="124308">AddField nsegmentFL K_coef DOUBLE # # # # NULLABLE NON_REQUIRED #</Process><Process ToolSource="C:\ArcGIS\Desktop10.0\ArcToolbox\Toolboxes\Data Management Tools.tbx\CalculateField" Date="20131115" Time="124309">CalculateField nsegmentFL K_coef -99999 VB #</Process><Process ToolSource="C:\ArcGIS\Desktop10.0\ArcToolbox\Toolboxes\Data Management Tools.tbx\RemoveJoin" Date="20131115" Time="124327">RemoveJoin nsegmentFL K_coef</Process><Process ToolSource="C:\ArcGIS\Desktop10.0\ArcToolbox\Toolboxes\Data Management Tools.tbx\DeleteField" Date="20131115" Time="145321">DeleteField C:\Workspace\wk_NHDPlus/NHDPlus17_Final.gdb/PRMS/nsegment seg_id</Process><Process ToolSource="C:\ArcGIS\Desktop10.0\ArcToolbox\Toolboxes\Data Management Tools.tbx\DeleteField" Date="20131115" Time="145323">DeleteField C:\Workspace\wk_NHDPlus/NHDPlus17_Final.gdb/PRMS/nsegment tosegment</Process><Process ToolSource="C:\ArcGIS\Desktop10.0\ArcToolbox\Toolboxes\Data Management Tools.tbx\AddField" Date="20131115" Time="145336">AddField nsegmentFL seg_id SHORT # # # # NULLABLE NON_REQUIRED #</Process><Process ToolSource="C:\ArcGIS\Desktop10.0\ArcToolbox\Toolboxes\Data Management Tools.tbx\Sort" Date="20131115" Time="145343">Sort nsegmentTV C:\Workspace\wk_NHDPlus\NHDPlus17_Final.gdb\PRMS\nsegment_sort "seg_id ASCENDING" UR</Process><Process ToolSource="C:\ArcGIS\Desktop10.0\ArcToolbox\Toolboxes\Data Management Tools.tbx\AddField" Date="20131115" Time="145348">AddField nsegmentFL tosegment LONG # # # # NULLABLE NON_REQUIRED #</Process><Process ToolSource="C:\ArcGIS\Desktop10.0\ArcToolbox\Toolboxes\Data Management Tools.tbx\CalculateField" Date="20131115" Time="145351">CalculateField nsegmentFL tosegment 0 VB #</Process><Process ToolSource="C:\ArcGIS\Desktop10.0\ArcToolbox\Toolboxes\Data Management Tools.tbx\CalculateField" Date="20131115" Time="145352">CalculateField nsegmentFL tosegment_orig 0 VB #</Process><Process ToolSource="C:\ArcGIS\Desktop10.0\ArcToolbox\Toolboxes\Data Management Tools.tbx\RemoveJoin" Date="20131115" Time="145816">RemoveJoin nsegmentFL junk</Process><Process ToolSource="C:\ArcGIS\Desktop10.0\ArcToolbox\Toolboxes\Data Management Tools.tbx\CalculateField" Date="20131115" Time="145823">CalculateField nsegmentFL tosegment_orig [tosegment] VB #</Process><Process ToolSource="C:\ArcGIS\Desktop10.0\ArcToolbox\Toolboxes\Data Management Tools.tbx\CalculateField" Date="20131115" Time="145918">CalculateField nsegmentFL K_coef -99999 VB #</Process><Process ToolSource="C:\ArcGIS\Desktop10.0\ArcToolbox\Toolboxes\Data Management Tools.tbx\RemoveJoin" Date="20131115" Time="145934">RemoveJoin nsegmentFL K_coef</Process><Process ToolSource="C:\ArcGIS\Desktop10.0\ArcToolbox\Toolboxes\Data Management Tools.tbx\CalculateField" Date="20131115" Time="152750">CalculateField fLayer tosegment 348 VB #</Process><Process ToolSource="C:\ArcGIS\Desktop10.0\ArcToolbox\Toolboxes\Data Management Tools.tbx\CalculateField" Date="20131115" Time="152751">CalculateField fLayer tosegment 472 VB #</Process><Process ToolSource="C:\ArcGIS\Desktop10.0\ArcToolbox\Toolboxes\Data Management Tools.tbx\CalculateField" Date="20131115" Time="152751">CalculateField fLayer tosegment 710 VB #</Process><Process ToolSource="C:\ArcGIS\Desktop10.0\ArcToolbox\Toolboxes\Data Management Tools.tbx\CalculateField" Date="20131115" Time="152752">CalculateField fLayer tosegment 756 VB #</Process><Process ToolSource="C:\ArcGIS\Desktop10.0\ArcToolbox\Toolboxes\Data Management Tools.tbx\CalculateField" Date="20131115" Time="152752">CalculateField fLayer tosegment 5400 VB #</Process><Process ToolSource="C:\ArcGIS\Desktop10.0\ArcToolbox\Toolboxes\Data Management Tools.tbx\CalculateField" Date="20131115" Time="152753">CalculateField fLayer tosegment 1412 VB #</Process><Process ToolSource="C:\ArcGIS\Desktop10.0\ArcToolbox\Toolboxes\Data Management Tools.tbx\CalculateField" Date="20131115" Time="152753">CalculateField fLayer tosegment 1568 VB #</Process><Process ToolSource="C:\ArcGIS\Desktop10.0\ArcToolbox\Toolboxes\Data Management Tools.tbx\CalculateField" Date="20131115" Time="152754">CalculateField fLayer tosegment 2145 VB #</Process><Process ToolSource="C:\ArcGIS\Desktop10.0\ArcToolbox\Toolboxes\Data Management Tools.tbx\CalculateField" Date="20131115" Time="152754">CalculateField fLayer tosegment 3592 VB #</Process><Process ToolSource="C:\ArcGIS\Desktop10.0\ArcToolbox\Toolboxes\Data Management Tools.tbx\CalculateField" Date="20131115" Time="152755">CalculateField fLayer tosegment 3997 VB #</Process><Process ToolSource="C:\ArcGIS\Desktop10.0\ArcToolbox\Toolboxes\Data Management Tools.tbx\CalculateField" Date="20131115" Time="152755">CalculateField fLayer tosegment 4061 VB #</Process><Process ToolSource="C:\ArcGIS\Desktop10.0\ArcToolbox\Toolboxes\Data Management Tools.tbx\CalculateField" Date="20131115" Time="152756">CalculateField fLayer tosegment 4205 VB #</Process><Process ToolSource="C:\ArcGIS\Desktop10.0\ArcToolbox\Toolboxes\Data Management Tools.tbx\CalculateField" Date="20131115" Time="152756">CalculateField fLayer tosegment 4296 VB #</Process><Process ToolSource="C:\ArcGIS\Desktop10.0\ArcToolbox\Toolboxes\Data Management Tools.tbx\CalculateField" Date="20131115" Time="152757">CalculateField fLayer tosegment 5203 VB #</Process><Process ToolSource="c:\program files (x86)\arcgis\desktop10.2\ArcToolbox\Toolboxes\Data Management Tools.tbx\AddField" Date="20140327" Time="160631">AddField E:\wk_GFWriteUp\oldStuff/NHDPlus17_Final.gdb/PRMS/nsegment region TEXT # # # # NULLABLE NON_REQUIRED #</Process><Process ToolSource="c:\program files (x86)\arcgis\desktop10.2\ArcToolbox\Toolboxes\Data Management Tools.tbx\CalculateField" Date="20140327" Time="160633">CalculateField E:\wk_GFWriteUp\oldStuff/NHDPlus17_Final.gdb/PRMS/nsegment region "17" VB #</Process><Process ToolSource="c:\program files (x86)\arcgis\desktop10.2\ArcToolbox\Toolboxes\Data Management Tools.tbx\DeleteField" Date="20140327" Time="172126">DeleteField E:\wk_GFWriteUp\oldStuff/NHDPlus17_Final.gdb/PRMS\nsegment K_coef</Process><Process ToolSource="c:\program files (x86)\arcgis\desktop10.2\ArcToolbox\Toolboxes\Data Management Tools.tbx\Copy" Date="20140327" Time="180526">Copy E:\wk_GFWriteUp\oldStuff/NHDPlus17_Final.gdb\PRMS/nsegment E:\wk_GFWriteUp\oldStuff/NHDPlus17_Final.gdb\junk FeatureClass</Process><Process ToolSource="c:\program files (x86)\arcgis\desktop10.2\ArcToolbox\Toolboxes\Data Management Tools.tbx\DeleteField" Date="20140429" Time="170621">DeleteField E:/wk_GFWriteUp/oldStuff/NHDPlus17_Final.gdb\nsegment SUM_LENGTHKM</Process><Process ToolSource="c:\program files (x86)\arcgis\desktop10.2\ArcToolbox\Toolboxes\Data Management Tools.tbx\DeleteField" Date="20140429" Time="170623">DeleteField E:/wk_GFWriteUp/oldStuff/NHDPlus17_Final.gdb\nsegment MIN_HYDROSEQ</Process><Process ToolSource="c:\program files (x86)\arcgis\desktop10.2\ArcToolbox\Toolboxes\Data Management Tools.tbx\DeleteField" Date="20140502" Time="170233">DeleteField E:/wk_GFWriteUp/oldStuff/NHDPlus17_Final.gdb\nsegment MAX_STARTFLAG</Process><Process ToolSource="c:\program files (x86)\arcgis\desktop10.2\ArcToolbox\Toolboxes\Data Management Tools.tbx\DeleteField" Date="20140502" Time="170234">DeleteField E:/wk_GFWriteUp/oldStuff/NHDPlus17_Final.gdb\nsegment MAX_SO</Process><Process ToolSource="c:\program files (x86)\arcgis\desktop10.2\ArcToolbox\Toolboxes\Data Management Tools.tbx\DeleteField" Date="20140502" Time="170236">DeleteField E:/wk_GFWriteUp/oldStuff/NHDPlus17_Final.gdb\nsegment SUM_TRAV_TIME</Process><Process ToolSource="c:\program files (x86)\arcgis\desktop10.2\ArcToolbox\Toolboxes\Data Management Tools.tbx\DeleteField" Date="20140502" Time="170237">DeleteField E:/wk_GFWriteUp/oldStuff/NHDPlus17_Final.gdb\nsegment MAX_CUMDRAINAG</Process><Process ToolSource="c:\program files (x86)\arcgis\desktop10.2\ArcToolbox\Toolboxes\Data Management Tools.tbx\DeleteField" Date="20140502" Time="170239">DeleteField E:/wk_GFWriteUp/oldStuff/NHDPlus17_Final.gdb\nsegment TOCOMID2</Process><Process ToolSource="c:\program files (x86)\arcgis\desktop10.2\ArcToolbox\Toolboxes\Data Management Tools.tbx\DeleteField" Date="20140502" Time="170240">DeleteField E:/wk_GFWriteUp/oldStuff/NHDPlus17_Final.gdb\nsegment To_POI_ID</Process><Process ToolSource="c:\program files (x86)\arcgis\desktop10.2\ArcToolbox\Toolboxes\Data Management Tools.tbx\DeleteField" Date="20140502" Time="170241">DeleteField E:/wk_GFWriteUp/oldStuff/NHDPlus17_Final.gdb\nsegment PROD_UNIT</Process><Process ToolSource="c:\program files (x86)\arcgis\desktop10.2\ArcToolbox\Toolboxes\Data Management Tools.tbx\AddField" Date="20140908" Time="180654">AddField "e:\wk_GFWriteUp\oldStuff\GIS Features of the Geospatial Fabric for National Hydrologic Modeling\GeospatialFabricFeatures_17.gdb\nsegment" seg_id_nation LONG # # # # NULLABLE NON_REQUIRED #</Process><Process ToolSource="c:\program files (x86)\arcgis\desktop10.2\ArcToolbox\Toolboxes\Data Management Tools.tbx\CalculateField" Date="20140908" Time="180656">CalculateField "e:\wk_GFWriteUp\oldStuff\GIS Features of the Geospatial Fabric for National Hydrologic Modeling\GeospatialFabricFeatures_17.gdb\nsegment" seg_id_nation -1 VB #</Process><Process ToolSource="c:\program files (x86)\arcgis\desktop10.2\ArcToolbox\Toolboxes\Data Management Tools.tbx\AddField" Date="20140908" Time="180700">AddField "e:\wk_GFWriteUp\oldStuff\GIS Features of the Geospatial Fabric for National Hydrologic Modeling\GeospatialFabricFeatures_17.gdb\nsegment" seg_id_region LONG # # # # NULLABLE NON_REQUIRED #</Process><Process ToolSource="c:\program files (x86)\arcgis\desktop10.2\ArcToolbox\Toolboxes\Data Management Tools.tbx\CalculateField" Date="20140908" Time="180702">CalculateField "e:\wk_GFWriteUp\oldStuff\GIS Features of the Geospatial Fabric for National Hydrologic Modeling\GeospatialFabricFeatures_17.gdb\nsegment" seg_id_region [seg_id] VB #</Process><Process ToolSource="c:\program files (x86)\arcgis\desktop10.2\ArcToolbox\Toolboxes\Data Management Tools.tbx\CalculateField" Date="20140908" Time="182209">CalculateField "e:\wk_GFWriteUp\oldStuff\GIS Features of the Geospatial Fabric for National Hydrologic Modeling\GeospatialFabricFeatures_17.gdb\nsegment" seg_id_nation -1 VB #</Process><Process ToolSource="c:\program files (x86)\arcgis\desktop10.2\ArcToolbox\Toolboxes\Data Management Tools.tbx\CalculateField" Date="20140908" Time="182213">CalculateField "e:\wk_GFWriteUp\oldStuff\GIS Features of the Geospatial Fabric for National Hydrologic Modeling\GeospatialFabricFeatures_17.gdb\nsegment" seg_id_region [seg_id] VB #</Process><Process ToolSource="c:\program files (x86)\arcgis\desktop10.2\ArcToolbox\Toolboxes\Data Management Tools.tbx\DeleteField" Date="20140909" Time="114212">DeleteField "e:\wk_GFWriteUp\oldStuff\GIS Features of the Geospatial Fabric for National Hydrologic Modeling\GeospatialFabricFeatures_17.gdb\nsegment" seg_id_nation</Process><Process ToolSource="c:\program files (x86)\arcgis\desktop10.2\ArcToolbox\Toolboxes\Data Management Tools.tbx\DeleteField" Date="20140909" Time="114215">DeleteField "e:\wk_GFWriteUp\oldStuff\GIS Features of the Geospatial Fabric for National Hydrologic Modeling\GeospatialFabricFeatures_17.gdb\nsegment" seg_id_region</Process><Process ToolSource="c:\program files (x86)\arcgis\desktop10.2\ArcToolbox\Toolboxes\Data Management Tools.tbx\AddField" Date="20140909" Time="150620">AddField "e:\wk_GFWriteUp\oldStuff\GIS Features of the Geospatial Fabric for National Hydrologic Modeling\GeospatialFabricFeatures_17.gdb\nsegment" seg_id_nat LONG # # # # NULLABLE NON_REQUIRED #</Process><Process ToolSource="c:\program files (x86)\arcgis\desktop10.2\ArcToolbox\Toolboxes\Data Management Tools.tbx\CalculateField" Date="20140909" Time="150623">CalculateField "e:\wk_GFWriteUp\oldStuff\GIS Features of the Geospatial Fabric for National Hydrologic Modeling\GeospatialFabricFeatures_17.gdb\nsegment" seg_id_nat -1 VB #</Process><Process ToolSource="c:\program files (x86)\arcgis\desktop10.2\ArcToolbox\Toolboxes\Data Management Tools.tbx\AddField" Date="20140909" Time="150626">AddField "e:\wk_GFWriteUp\oldStuff\GIS Features of the Geospatial Fabric for National Hydrologic Modeling\GeospatialFabricFeatures_17.gdb\nsegment" seg_id_reg LONG # # # # NULLABLE NON_REQUIRED #</Process><Process ToolSource="c:\program files (x86)\arcgis\desktop10.2\ArcToolbox\Toolboxes\Data Management Tools.tbx\CalculateField" Date="20140909" Time="150628">CalculateField "e:\wk_GFWriteUp\oldStuff\GIS Features of the Geospatial Fabric for National Hydrologic Modeling\GeospatialFabricFeatures_17.gdb\nsegment" seg_id_reg [seg_id] VB #</Process><Process ToolSource="c:\program files (x86)\arcgis\desktop10.2\ArcToolbox\Toolboxes\Data Management Tools.tbx\Project" Date="20140911" Time="162015">Project "e:\wk_GFWriteUp\oldstuff\GIS Features of the Geospatial Fabric for National Hydrologic Modeling\GeospatialFabricFeatures_17.gdb/nsegment" e:\wk_GFWriteUp\GeospatialFabric_National2_dd.gdb\nsegment_17 GEOGCS['GCS_WGS_1984',DATUM['D_WGS_1984',SPHEROID['WGS_1984',6378137.0,298.257223563]],PRIMEM['Greenwich',0.0],UNIT['Degree',0.0174532925199433]] WGS_1984_(ITRF00)_To_NAD_1983 PROJCS['USA_Contiguous_Albers_Equal_Area_Conic_USGS_version',GEOGCS['GCS_North_American_1983',DATUM['D_North_American_1983',SPHEROID['GRS_1980',6378137.0,298.257222101]],PRIMEM['Greenwich',0.0],UNIT['Degree',0.0174532925199433]],PROJECTION['Albers'],PARAMETER['False_Easting',0.0],PARAMETER['False_Northing',0.0],PARAMETER['Central_Meridian',-96.0],PARAMETER['Standard_Parallel_1',29.5],PARAMETER['Standard_Parallel_2',45.5],PARAMETER['Latitude_Of_Origin',23.0],UNIT['Meter',1.0]]</Process><Process ToolSource="c:\program files (x86)\arcgis\desktop10.2\ArcToolbox\Toolboxes\Data Management Tools.tbx\CopyFeatures" Date="20140911" Time="162311">CopyFeatures e:\wk_GFWriteUp\GeospatialFabric_National2_dd.gdb\\nsegment_17 e:\wk_GFWriteUp\nsegment_17.shp # 0 0 0</Process><Process ToolSource="c:\program files (x86)\arcgis\desktop10.2\ArcToolbox\Toolboxes\Data Management Tools.tbx\DeleteField" Date="20140911" Time="162314">DeleteField e:\wk_GFWriteUp\nsegment_17.shp tosegment_</Process><Process ToolSource="c:\program files (x86)\arcgis\desktop10.2\ArcToolbox\Toolboxes\Data Management Tools.tbx\DeleteField" Date="20140911" Time="162315">DeleteField e:\wk_GFWriteUp\nsegment_17.shp tosegment1</Process><Process ToolSource="c:\program files (x86)\arcgis\desktop10.2\ArcToolbox\Toolboxes\Data Management Tools.tbx\DeleteField" Date="20140911" Time="162316">DeleteField e:\wk_GFWriteUp\nsegment_17.shp seg_id</Process><Process ToolSource="c:\program files (x86)\arcgis\desktop10.2\ArcToolbox\Toolboxes\Data Management Tools.tbx\DeleteField" Date="20140911" Time="162317">DeleteField e:\wk_GFWriteUp\nsegment_17.shp region</Process><Process ToolSource="c:\program files (x86)\arcgis\desktop10.2\ArcToolbox\Toolboxes\Data Management Tools.tbx\DeleteField" Date="20140911" Time="162318">DeleteField e:\wk_GFWriteUp\nsegment_17.shp Shape_Leng</Process><Process ToolSource="c:\program files (x86)\arcgis\desktop10.2\ArcToolbox\Toolboxes\Data Management Tools.tbx\AddField" Date="20140912" Time="094825">AddField E:/wk_GFWriteUp\nsegment_17.shp region TEXT # # # # NULLABLE NON_REQUIRED #</Process><Process ToolSource="c:\program files (x86)\arcgis\desktop10.2\ArcToolbox\Toolboxes\Data Management Tools.tbx\CalculateField" Date="20140912" Time="094827">CalculateField E:/wk_GFWriteUp\nsegment_17.shp region "17" VB #</Process><Process ToolSource="c:\program files (x86)\arcgis\desktop10.2\ArcToolbox\Toolboxes\Data Management Tools.tbx\CalculateField" Date="20140912" Time="095904">CalculateField E:/wk_GFWriteUp\nsegment_17.shp region "17" VB #</Process></lineage><itemProps><itemName Sync="TRUE">nsegment_17</itemName><imsContentType Sync="TRUE">002</imsContentType><itemSize Sync="TRUE">0.000</itemSize><itemLocation><linkage Sync="TRUE">file://\\RC_RVIGER_230\E$\wk_GFWriteUp\nsegment_17.shp</linkage><protocol Sync="TRUE">Local Area Network</protocol></itemLocation></itemProps><coordRef><type Sync="TRUE">Geographic</type><geogcsn Sync="TRUE">GCS_WGS_1984</geogcsn><csUnits Sync="TRUE">Angular Unit: Degree (0.017453)</csUnits><peXml Sync="TRUE">&lt;GeographicCoordinateSystem xsi:type='typens:GeographicCoordinateSystem' xmlns:xsi='http://www.w3.org/2001/XMLSchema-instance' xmlns:xs='http://www.w3.org/2001/XMLSchema' xmlns:typens='http://www.esri.com/schemas/ArcGIS/10.1'&gt;&lt;WKT&gt;GEOGCS[&amp;quot;GCS_WGS_1984&amp;quot;,DATUM[&amp;quot;D_WGS_1984&amp;quot;,SPHEROID[&amp;quot;WGS_1984&amp;quot;,6378137.0,298.257223563]],PRIMEM[&amp;quot;Greenwich&amp;quot;,0.0],UNIT[&amp;quot;Degree&amp;quot;,0.0174532925199433],AUTHORITY[&amp;quot;EPSG&amp;quot;,4326]]&lt;/WKT&gt;&lt;XOrigin&gt;-400&lt;/XOrigin&gt;&lt;YOrigin&gt;-400&lt;/YOrigin&gt;&lt;XYScale&gt;11258999068426.238&lt;/XYScale&gt;&lt;ZOrigin&gt;-100000&lt;/ZOrigin&gt;&lt;ZScale&gt;10000&lt;/ZScale&gt;&lt;MOrigin&gt;-100000&lt;/MOrigin&gt;&lt;MScale&gt;10000&lt;/MScale&gt;&lt;XYTolerance&gt;8.983152841195215e-009&lt;/XYTolerance&gt;&lt;ZTolerance&gt;0.001&lt;/ZTolerance&gt;&lt;MTolerance&gt;0.001&lt;/MTolerance&gt;&lt;HighPrecision&gt;true&lt;/HighPrecision&gt;&lt;LeftLongitude&gt;-180&lt;/LeftLongitude&gt;&lt;WKID&gt;4326&lt;/WKID&gt;&lt;LatestWKID&gt;4326&lt;/LatestWKID&gt;&lt;/GeographicCoordinateSystem&gt;</peXml></coordRef></DataProperties><SyncDate>20140911</SyncDate><SyncTime>16231000</SyncTime><ModDate>20140911</ModDate><ModTime>16231000</ModTime><ArcGISFormat>1.0</ArcGISFormat><ArcGISstyle>FGDC CSDGM Metadata</ArcGISstyle></Esri><dataIdInfo><envirDesc Sync="TRUE">Microsoft Windows Server 2008 R2 Version 6.1 (Build 7601) Service Pack 1; Esri ArcGIS 10.2.0.3348</envirDesc><dataLang><languageCode value="eng" Sync="TRUE"></languageCode><countryCode value="USA" Sync="TRUE"></countryCode></dataLang><idCitation><resTitle Sync="TRUE">nsegment_17</resTitle><presForm><PresFormCd value="005" Sync="TRUE"></PresFormCd></presForm></idCitation><spatRpType><SpatRepTypCd value="001" Sync="TRUE"></SpatRepTypCd></spatRpType></dataIdInfo><mdLang><languageCode value="eng" Sync="TRUE"></languageCode><countryCode value="USA" Sync="TRUE"></countryCode></mdLang><distInfo><distFormat><formatName Sync="TRUE">Shapefile</formatName></distFormat><distTranOps><transSize Sync="TRUE">0.000</transSize></distTranOps></distInfo><mdHrLv><ScopeCd value="005" Sync="TRUE"></ScopeCd></mdHrLv><mdHrLvName Sync="TRUE">dataset</mdHrLvName><refSysInfo><RefSystem><refSysID><identCode code="4326" Sync="TRUE" value="102039"></identCode><idCodeSpace Sync="TRUE">EPSG</idCodeSpace><idVersion Sync="TRUE">8.1.1</idVersion></refSysID></RefSystem></refSysInfo><spatRepInfo><VectSpatRep><geometObjs Name="nsegment_17"><geoObjTyp><GeoObjTypCd value="002" Sync="TRUE"></GeoObjTypCd></geoObjTyp><geoObjCnt Sync="TRUE">0</geoObjCnt></geometObjs><topLvl><TopoLevCd value="001" Sync="TRUE"></TopoLevCd></topLvl></VectSpatRep></spatRepInfo><spdoinfo><ptvctinf><esriterm Name="nsegment_17"><efeatyp Sync="TRUE">Simple</efeatyp><efeageom code="3" Sync="TRUE"></efeageom><esritopo Sync="TRUE">FALSE</esritopo><efeacnt Sync="TRUE">0</efeacnt><spindex Sync="TRUE">FALSE</spindex><linrefer Sync="TRUE">FALSE</linrefer></esriterm></ptvctinf></spdoinfo><eainfo><detailed Name="nsegment_17"><enttyp><enttypl Sync="TRUE">nsegment_17</enttypl><enttypt Sync="TRUE">Feature Class</enttypt><enttypc Sync="TRUE">0</enttypc></enttyp><attr><attrlabl Sync="TRUE">FID</attrlabl><attalias Sync="TRUE">FID</attalias><attrtype Sync="TRUE">OID</attrtype><attwidth Sync="TRUE">4</attwidth><atprecis Sync="TRUE">0</atprecis><attscale Sync="TRUE">0</attscale><attrdef Sync="TRUE">Internal feature number.</attrdef><attrdefs Sync="TRUE">Esri</attrdefs><attrdomv><udom Sync="TRUE">Sequential unique whole numbers that are automatically generated.</udom></attrdomv></attr><attr><attrlabl Sync="TRUE">Shape</attrlabl><attalias Sync="TRUE">Shape</attalias><attrtype Sync="TRUE">Geometry</attrtype><attwidth Sync="TRUE">0</attwidth><atprecis Sync="TRUE">0</atprecis><attscale Sync="TRUE">0</attscale><attrdef Sync="TRUE">Feature geometry.</attrdef><attrdefs Sync="TRUE">ESRI</attrdefs><attrdomv><udom Sync="TRUE">Coordinates defining the features.</udom></attrdomv></attr><attr><attrlabl Sync="TRUE">POI_ID</attrlabl><attalias Sync="TRUE">POI_ID</attalias><attrtype Sync="TRUE">Double</attrtype><attwidth Sync="TRUE">19</attwidth><atprecis Sync="TRUE">0</atprecis><attscale Sync="TRUE">0</attscale></attr><attr><attrlabl Sync="TRUE">tosegment_</attrlabl><attalias Sync="TRUE">tosegment_</attalias><attrtype Sync="TRUE">Integer</attrtype><attwidth Sync="TRUE">9</attwidth><atprecis Sync="TRUE">9</atprecis><attscale Sync="TRUE">0</attscale></attr><attr><attrlabl Sync="TRUE">tosegment1</attrlabl><attalias Sync="TRUE">tosegment1</attalias><attrtype Sync="TRUE">String</attrtype><attwidth Sync="TRUE">254</attwidth><atprecis Sync="TRUE">0</atprecis><attscale Sync="TRUE">0</attscale></attr><attr><attrlabl Sync="TRUE">seg_id</attrlabl><attalias Sync="TRUE">seg_id</attalias><attrtype Sync="TRUE">SmallInteger</attrtype><attwidth Sync="TRUE">4</attwidth><atprecis Sync="TRUE">4</atprecis><attscale Sync="TRUE">0</attscale></attr><attr><attrlabl Sync="TRUE">tosegment</attrlabl><attalias Sync="TRUE">tosegment</attalias><attrtype Sync="TRUE">Integer</attrtype><attwidth Sync="TRUE">9</attwidth><atprecis Sync="TRUE">9</atprecis><attscale Sync="TRUE">0</attscale></attr><attr><attrlabl Sync="TRUE">region</attrlabl><attalias Sync="TRUE">region</attalias><attrtype Sync="TRUE">String</attrtype><attwidth Sync="TRUE">254</attwidth><atprecis Sync="TRUE">0</atprecis><attscale Sync="TRUE">0</attscale></attr><attr><attrlabl Sync="TRUE">seg_id_nat</attrlabl><attalias Sync="TRUE">seg_id_nat</attalias><attrtype Sync="TRUE">Integer</attrtype><attwidth Sync="TRUE">9</attwidth><atprecis Sync="TRUE">9</atprecis><attscale Sync="TRUE">0</attscale></attr><attr><attrlabl Sync="TRUE">seg_id_reg</attrlabl><attalias Sync="TRUE">seg_id_reg</attalias><attrtype Sync="TRUE">Integer</attrtype><attwidth Sync="TRUE">9</attwidth><atprecis Sync="TRUE">9</atprecis><attscale Sync="TRUE">0</attscale></attr><attr><attrlabl Sync="TRUE">Shape_Leng</attrlabl><attalias Sync="TRUE">Shape_Leng</attalias><attrtype Sync="TRUE">Double</attrtype><attwidth Sync="TRUE">19</attwidth><atprecis Sync="TRUE">0</atprecis><attscale Sync="TRUE">0</attscale></attr></detailed></eainfo><mdDateSt Sync="TRUE">20140911</mdDateSt></metadata>
